{"message_ids": {"om_x100b6ec80d1b7880b1df7f7b6123ea9": 1780466750.3427851, "om_x100b6ec812d04c90b26749d22ee980e": 1780467138.651927, "om_x100b6ecb23cb14a8c4a4eda19b7b063": 1780479697.122059, "om_x100b6ecb3bdd22ccc2a9d2264188046": 1780479825.82062, "om_x100b6ecb31bd70b0c03ed66f773e17f": 1780479991.747872, "om_x100b6ecbc32eb8b0c3b86757a32d3d5": 1780480223.13972, "om_x100b6ecbdc976ca0c1b010b8514164e": 1780480294.4247448, "om_x100b6ecbd8b618b4c0aa47deab043d5": 1780480360.486329, "om_x100b6d34841480b4c340488f4d65bed": 1780485294.1802912, "om_x100b6d34824ff53cc27bbbe1ca1eb3d": 1780485320.8078542, "om_x100b6d374000c4b0c4221dd1af68713": 1780494573.2552059, "om_x100b6d376be94cb4c4451cb527172f4": 1780494931.048171, "om_x100b6d31ec0b18a4c1bc66db1657a83": 1780505132.92539, "om_x100b6d31faf938a4c323f72cacc671c": 1780505411.956537, "om_x100b6d31fb2f58a0c349d1013d7984f": 1780505438.581103, "om_x100b6d31f81b6530c0878e0a25543ec": 1780505453.936884, "om_x100b6d331a9294a0c457d064cac3a16": 1780512070.262214, "om_x100b6d33241fe8a4c145aad3ebd1345": 1780512429.475845, "om_x100b6d3322ca94a0c44f00cf37f730f": 1780512448.7443168, "om_x100b6d24a71a28b8c2a7c4a332f6761": 1780551641.052026, "om_x100b6d26642b08e8c44d5b75f5a34be": 1780556463.2959511, "om_x100b6d26762c5084c059e5355f4a041": 1780556686.8357959, "om_x100b6d2601f344b4c2bc3d5d4dde759": 1780557044.521835, "om_x100b6d26821e20b0c2dec3e386b66c6": 1780559053.8266351, "om_x100b6d269521d4b8c038342dac89c16": 1780559295.4052649, "om_x100b6d272a0cbce8b1c079f95a54bb5": 1780561484.613562, "om_x100b6d27ef0540b0b4b3af3f1ded8d3": 1780562461.169089, "om_x100b6d2eac34d0a8c3bf32e2db272ff": 1780592176.208426, "om_x100b6d2ead8280a4c146fcf3bc74d61": 1780592181.455979, "om_x100b6d673bc888a8c452eb1716e50f9": 1780823888.970901}}