{"message_ids": {"om_x100b6ec80d1b7880b1df7f7b6123ea9": 1780466750.3427851, "om_x100b6ec812d04c90b26749d22ee980e": 1780467138.651927, "om_x100b6ecb23cb14a8c4a4eda19b7b063": 1780479697.122059, "om_x100b6ecb3bdd22ccc2a9d2264188046": 1780479825.82062, "om_x100b6ecb31bd70b0c03ed66f773e17f": 1780479991.747872, "om_x100b6ecbc32eb8b0c3b86757a32d3d5": 1780480223.13972, "om_x100b6ecbdc976ca0c1b010b8514164e": 1780480294.4247448, "om_x100b6ecbd8b618b4c0aa47deab043d5": 1780480360.486329, "om_x100b6d34841480b4c340488f4d65bed": 1780485294.1802912, "om_x100b6d34824ff53cc27bbbe1ca1eb3d": 1780485320.8078542, "om_x100b6d374000c4b0c4221dd1af68713": 1780494573.2552059, "om_x100b6d376be94cb4c4451cb527172f4": 1780494931.048171, "om_x100b6d31ec0b18a4c1bc66db1657a83": 1780505132.92539, "om_x100b6d31faf938a4c323f72cacc671c": 1780505411.956537, "om_x100b6d31fb2f58a0c349d1013d7984f": 1780505438.581103, "om_x100b6d31f81b6530c0878e0a25543ec": 1780505453.936884, "om_x100b6d331a9294a0c457d064cac3a16": 1780512070.262214, "om_x100b6d33241fe8a4c145aad3ebd1345": 1780512429.475845, "om_x100b6d3322ca94a0c44f00cf37f730f": 1780512448.7443168, "om_x100b6d24a71a28b8c2a7c4a332f6761": 1780551641.052026, "om_x100b6d26642b08e8c44d5b75f5a34be": 1780556463.2959511, "om_x100b6d26762c5084c059e5355f4a041": 1780556686.8357959, "om_x100b6d2601f344b4c2bc3d5d4dde759": 1780557044.521835, "om_x100b6d26821e20b0c2dec3e386b66c6": 1780559053.8266351, "om_x100b6d269521d4b8c038342dac89c16": 1780559295.4052649, "om_x100b6d272a0cbce8b1c079f95a54bb5": 1780561484.613562, "om_x100b6d27ef0540b0b4b3af3f1ded8d3": 1780562461.169089, "om_x100b6d2eac34d0a8c3bf32e2db272ff": 1780592176.208426, "om_x100b6d2ead8280a4c146fcf3bc74d61": 1780592181.455979, "om_x100b6d673bc888a8c452eb1716e50f9": 1780823888.970901, "om_x100b6d51c7fed4acc24b5f92476df7c": 1780897940.082618, "om_x100b6d51c2636cb8c4ae9eb6ff3cdf9": 1780897995.6673532, "om_x100b6d51f5ff2ce4c1c001a7b8afb70": 1780898739.940158, "om_x100b6d5a3d3478a8b48133dd009f9c8": 1780934464.2801878, "om_x100b6d5bdc98e4a0b2e2decbe963bcf": 1780939045.878047, "om_x100b6d5bd830fca0b32f4760f884348": 1780939120.4270248, "om_x100b6d5b80386538b1d0e1c834d6ff9": 1780940015.8568902, "om_x100b6d5baea498a0b3e30cda05b3164": 1780940295.1416478, "om_x100b6d42e32650a0c108f4eb7cff257": 1780968159.605404, "om_x100b6d4d8c196ca4b3d663e8c3930e5": 1780980781.943291, "om_x100b6d4d9d08eca0b3f51431f77f491": 1780981053.001211, "om_x100b6d4d570abca8b20e9a01e79e09e": 1780981992.120204, "om_x100b6d4d26e5e474b0107acaf19bf05": 1780983247.9663339, "om_x100b6d4d3254d8a8b03eb8a3e559105": 1780983574.1832588, "om_x100b6db96c0114a4c1825f95658fce4": 1781060141.6067688, "om_x100b6db97b51d0a0c00ba1ed804b951": 1781060443.0612311, "om_x100b6db974c4b0bcc3ccb3acb976787": 1781060513.454674, "om_x100b6db9058c6d5cb2b45c3e09b733c": 1781060789.1699562, "om_x100b6db83df36ca8b3bbefdb05975fe": 1781061248.443533, "om_x100b6db9dcc3b0a8c18c602787705d5": 1781061921.5574589, "om_x100b6db9eeda68b0c43e189564fd7e4": 1781062148.156325, "om_x100b6db9e9876c94c350ee5dcb8c386": 1781062261.486933, "om_x100b6db9e52e54b8c4237bb09bdd6e9": 1781062335.1282299, "om_x100b6dbb50e9b4a4b22df3ac12c8b89": 1781068275.491939, "om_x100b6dbbb9bb68a4c1d80b01df7a341": 1781071736.1531131, "om_x100b6dbbb07cb494c4f28de07abe660": 1781071851.954665, "om_x100b6da40f675c8cb1a673c5c6e9e81": 1781072923.4718258, "om_x100b6da4c69ba4b8c49a6c65a2f1d90": 1781074056.512182, "om_x100b6da4e10ef0acc217246f33cd6c6": 1781074684.946527, "om_x100b6da499767964c234f6f3e70ee2d": 1781075324.559527, "om_x100b6da5660e94b4c33c2b584ca8721": 1781076621.132777, "om_x100b6da57dc46094c32f56753f8fb84": 1781076785.5153978, "om_x100b6da50a59849cb3ba38d792bff4c": 1781077066.020017, "om_x100b6da535f43d3cc34927d04d00cf1": 1781077941.8616, "om_x100b6da53ec51c80b4b4f2b66418a18": 1781078077.213527, "om_x100b6da5c2e714b8c103ff7d9484f15": 1781078211.1529732, "om_x100b6da5dcc62cbcb3cf87fbb3f8c35": 1781078305.577269, "om_x100b6da5f1bfb4e4c0040555b361a12": 1781079033.775893, "om_x100b6da5874be0b8c33a3e0efa80465": 1781079193.028617, "om_x100b6da640a564b0c446240715d2717": 1781080295.23882, "om_x100b6da602c5a0a4c38e8d206fc53f9": 1781081281.251284, "om_x100b6da612373494c45f7b009a63c32": 1781081554.4559739, "om_x100b6d9500354880b133f088a9b6551": 1781142768.190915, "om_x100b6d965ced7cb0c3a980f0dca7e39": 1781145891.3599, "om_x100b6d960e8f78acb13737fb62eb031": 1781146628.8178282, "om_x100b6d975d717cb4c1dcf33c795b0dc": 1781150012.5755389, "om_x100b6d97103a2794c059ef7069ea502": 1781151216.049349, "om_x100b6d97374998a4c3a655e7d2676d1": 1781151640.855197, "om_x100b6d9734fb6500c3f630918e966e5": 1781151663.236365, "om_x100b6d903afd78a4b343768d87498b0": 1781155651.645876, "om_x100b6d903b74f0a4b18da50a10be2ec": 1781155676.132241, "om_x100b6d9025fbe4b0b1b1b6ce36d94b7": 1781155826.448202, "om_x100b6d90e0a754b0b17703832a7190e": 1781156900.110122, "om_x100b6d909f9f4c80b323e9df6fc69d5": 1781157142.535655, "om_x100b6d90b86adcbcb03b3f24a010209": 1781158054.480795, "om_x100b6d917fe69cb0b1f266aa6791bb6": 1781158675.5434508, "om_x100b6d917f3da8b8b3bdb30a0057054": 1781158687.873773, "om_x100b6d917ae954acc019008f0cbe145": 1781158723.091732, "om_x100b6d910ae3748cc3c92a3330f8689": 1781158979.980051, "om_x100b6d9109af88b4c438de1366e5b1b": 1781159032.167318, "om_x100b6d91039938b4c261a6faab34c48": 1781159126.1034298, "om_x100b6d911f755ce8c1b58b1c95c47c3": 1781159196.350934, "om_x100b6d9128cf4ce8b4b914e474e8a7f": 1781159520.822669, "om_x100b6d9139e764a4b2be0941d6a932b": 1781159795.315897, "om_x100b6d913499d0acb4a25a546518792": 1781159846.004593, "om_x100b6d913457027cb2815e4f842e959": 1781159850.393086, "om_x100b6d9133fe5c9cb36015b07c9695f": 1781159891.872652, "om_x100b6d913181ecacc3cc5f7faa6c765": 1781159925.451096, "om_x100b6d91c80e4cb0c0547b496fa57f1": 1781160049.1567612, "om_x100b6d91fda580fcc1b210be4c2e244": 1781160759.389733, "om_x100b6d91f33e9c90b3db84527c96694": 1781160927.8615942, "om_x100b6d91975648a4c108d65627201f8": 1781161370.61167, "om_x100b6d91a8bce4a4c4a8d02559b9088": 1781161575.831578, "om_x100b6d91b89790bcb1dd03cb990ec4d": 1781161830.262506, "om_x100b6d92108688b4b2a4583753ff005": 1781163493.3900092, "om_x100b6d92347778b0b2806651d28770b": 1781163948.573905, "om_x100b6d92355f84b0b25762728161d33": 1781163961.8549771, "om_x100b6d9233c57ca0c4e671b5705347e": 1781163985.303738, "om_x100b6d9231fb94bcc140691070bb889": 1781164020.144632, "om_x100b6d92cacff0b8b21144a8550a587": 1781164096.897989, "om_x100b6d92c97cc8a8b3f3a81e8eed90b": 1781164156.188276, "om_x100b6d92c49beca8b3445d57aa67abf": 1781164197.9362628, "om_x100b6d92e63d2cb4c3a0a5ce548ec2e": 1781164687.644108, "om_x100b6d929a9f2cacb2c6adfcbc045b0": 1781165380.139785, "om_x100b6d92a79150b4b2c60681cf2d7ec": 1781165716.83645, "om_x100b6d93467e4c98b11a039dd4d689e": 1781166217.9120169, "om_x100b6d93404a90bcb11f078eb871f8f": 1781166311.266797, "om_x100b6d93658c5c88b11505cc3e56408": 1781166772.843894, "om_x100b6d930e9c5ca8c2387018dd3a5cb": 1781167110.4282088, "om_x100b6d9308cd10a0b2e4d31a21b1246": 1781167198.757928, "om_x100b6d93e95a3844c43eb7a599a07c7": 1781168760.449748, "om_x100b6d93fd8b38b8c34ac3d8182ac4e": 1781168947.1488152, "om_x100b6d93f15dc080c236ea31db73597": 1781169143.688155, "om_x100b6d938e6030bcc4ce4846794c9e1": 1781169161.7479732, "om_x100b6d938d7944a0c1ba6f1f78fd54f": 1781169210.0899909, "om_x100b6d938304b4a4c03a5fab3d13138": 1781169371.297482, "om_x100b6d939a583cbcc491e8d0a2052f6": 1781169480.255295, "om_x100b6d93900f8c84b103e09c2179efd": 1781169643.121345}}