{"message_ids": {"om_x100b6ee2fbdc90b4b37c92a2ded118b": 1780312913.80991, "om_x100b6ee28f7d7cbcb36fba6836d5927": 1780313115.76712, "om_x100b6ee28c3fa0b8b340818922030a5": 1780313135.821814, "om_x100b6ee2824a40a4b29d6b21f6fe6da": 1780313289.053698, "om_x100b6ee2aa54a4b4b219d2dbaa8686e": 1780313674.2884932, "om_x100b6ee2a489f8a4b4b3823c0c2166f": 1780313764.9920042, "om_x100b6ee2a08ab8a8b11cc6ba1e38919": 1780313829.094934, "om_x100b6ee34d2c30a4b3e2f7516f94449": 1780314174.685868, "om_x100b6ee3463434a0b12b7a589f78bad": 1780314256.308803, "om_x100b6ee351fad820b4a7ca7a0b0a501": 1780314612.021427, "om_x100b6ee37adfd8b8b48a48c3874254c": 1780314945.874791, "om_x100b6ee37031eca0b2cdfad43cf437b": 1780315120.4622998, "om_x100b6ee30771809cb32de9e59a7cb94": 1780315292.3765361, "om_x100b6ee3108c5ca4b343fe79e766ff1": 1780315620.785599, "om_x100b6ee32c1610b8b2483bd3530583a": 1780315694.262796, "om_x100b6ee33ad124a4b3260c29b1360e2": 1780315970.296075, "om_x100b6ee3caf1ec80b3b8d2649b1c4a9": 1780316228.441529, "om_x100b6ee3ca4fa0a0b3ea385c55a1e23": 1780316232.72629, "om_x100b6ee3c5bb68a8b4a9dea669ccb35": 1780316344.0255628, "om_x100b6ee3dee5b494b3c014845e5bd2e": 1780316419.056424, "om_x100b6ee3ebe964a0b21489432bd91af": 1780316754.88309, "om_x100b6ee3fbacd4b0b2468d6884878d6": 1780317014.7329018, "om_x100b6ee3f2ad4cacb11539e3ebdb375": 1780317126.7598, "om_x100b6ee38a9ebcb0b274baad9d397cb": 1780317253.943279, "om_x100b6ee384d490b0b4a12d2fc95c2e6": 1780317346.3086379, "om_x100b6ee39e7abca8b3c7ec12f1b2c64": 1780317452.025074, "om_x100b6ee3973998acb146bc3643b6ded": 1780317600.064501, "om_x100b6ee3a98400ecb4c2deb651343a0": 1780317813.325922, "om_x100b6ee3a37420acb3c85daa5e949d6": 1780317916.27569, "om_x100b6ee3bfdbf46cb4cd81d548f5a38": 1780317970.14413, "om_x100b6ee3b03e18acb4cf230c66ebddf": 1780318191.9154508, "om_x100b6eec488b70b4b4a2bb00bb562ff": 1780318309.0880299, "om_x100b6eec4219fcb8b32f4ce541a59b5": 1780318413.947417, "om_x100b6eec50b00484b26e4951a6054c7": 1780318696.575864, "om_x100b6eec6cc2e8a0b12c95894d5fd40": 1780318753.71742, "om_x100b6eec626568b8b26ca62ceb5d16d": 1780318923.395446, "om_x100b6eec62632d64b2a8213266f4033": 1780318923.878647, "om_x100b6eec62790ca8b48471d7eaa95bb": 1780318924.044728, "om_x100b6eec627478b8b36d02e8e5589d3": 1780318924.425653, "om_x100b6eec627290a4b3228a88bb433e5": 1780318924.600479, "om_x100b6eec62097888b1493b75f06d874": 1780318925.087462, "om_x100b6eec620724a8b4a185e6c6e04d5": 1780318925.3744352, "om_x100b6eec621dd0a0b166251dd1f2d42": 1780318925.743775, "om_x100b6eec6218ccb4b3610349d1975b1": 1780318926.0013409, "om_x100b6eec7c8910a8b29f668d95ae52d": 1780319012.915442, "om_x100b6eec76bf48a4b3e1376a747dfc5": 1780319111.9160461, "om_x100b6eec71b7eca8b3b6ba85c46ff28": 1780319224.361527, "om_x100b6eec0c72eca4b4a1349ae70202c": 1780319276.681568, "om_x100b6eec079ab4acb4bf01e31fc2d84": 1780319382.0522912, "om_x100b6eec01514cb4b14d1d757d9a18c": 1780319482.5086, "om_x100b6eec1b73cca4b3dbfacae6e3d04": 1780319580.508606, "om_x100b6eeafab560a4b2822d57a5f3299": 1780345672.0902798, "om_x100b6eea9ed1a8a0b12693956b48999": 1780346114.148324, "om_x100b6eeb43be90a4b3e8b5dfecf6215": 1780347095.6782541, "om_x100b6ed44c66bd34b26c8839c40904f": 1780351019.022027, "om_x100b6ed7f11b608cb279f1132eeb47d": 1780366334.423218, "om_x100b6ed78726251cb279dad370e886c": 1780366495.6813078, "om_x100b6ed785c63880b3e0ff0dd02f984": 1780366513.534122, "om_x100b6ed79fa55cb8b11592630363ce8": 1780366615.3228521, "om_x100b6ed79d8ec0b8b3c2c5773e322f7": 1780366645.429116, "om_x100b6ed79af14c90b36700fb8613077": 1780366660.68798, "om_x100b6ed79229a494b4b573e386600bc": 1780366799.032701, "om_x100b6ed7bfd3c088b4b0068e66c8901": 1780367122.62908, "om_x100b6ed7bcbedce8b48da22c52e6365": 1780367144.3428638, "om_x100b6ed04edb54e8b3e8a72ee7cc204": 1780367362.251004, "om_x100b6ed04695a4e4b3d48e770777672": 1780367494.452251, "om_x100b6ed0529ed57cb271dda29f70544": 1780367814.033686, "om_x100b6ed06bf9908cb3035fe0e0e58e4": 1780367956.290281, "om_x100b6ed067fa00f0b4c143a1baea74f": 1780368020.291397, "om_x100b6ed00ee20570b21d91ae5e666d3": 1780368387.61813, "om_x100b6ed00d14e490b3c87da91ec6789": 1780368446.432043, "om_x100b6ed00ad745a0b3e32be2f411bda": 1780368450.64179, "om_x100b6ed00aef04e0b2001a06a1b654b": 1780368451.1451762, "om_x100b6ed008fdbcb8b2af92d399469ac": 1780368483.8199732, "om_x100b6ed007530c9cb29ed7ac1909e2a": 1780368538.7135239, "om_x100b6ed01fc07ce4b30e5d62202ba4d": 1780368657.903736, "om_x100b6ed03e2a34b4b1158c65e4e7727": 1780369167.314771, "om_x100b6ed0cc782c74b1483f2bcfdd0d0": 1780369452.091871, "om_x100b6ed0c5a19080b3616ad66712ed2": 1780369591.5853598, "om_x100b6edfac40c0b0b3ebaf7fe6cbf9b": 1780399657.483604, "om_x100b6ecd128b20ccc087e00ec18d15d": 1780454853.102596, "om_x100b6ecd2f0bd4a4c4cbcad8e33f4ce": 1780454941.165935, "om_x100b6ecd3cc994b4c4ab5fee0a27198": 1780455200.95774, "om_x100b6ecd3b5a6ca8c189bdb313367cc": 1780455258.042827, "om_x100b6ecd307ac8b8c2a829d2f6194ec": 1780455404.3158, "om_x100b6ecd301c9080c029ce3e1dad235": 1780455405.657274, "om_x100b6ecdc80be0bcc051b23f75a2a69": 1780455533.135836, "om_x100b6ecdc452a7e0c3619d7936ccdd8": 1780455594.683966, "om_x100b6ecdc12ab880c34b1bb7abb4974": 1780455679.265485, "om_x100b6ecd9ed9d4acc050237513e870d": 1780456705.946146, "om_x100b6ecd98349cbcc181768510a4ebd": 1780456816.382137, "om_x100b6ecd947a0508c4911ced523fdec": 1780456876.10075, "om_x100b6ecd91fc8880c2672a288c2bb20": 1780456947.665948, "om_x100b6ecdbc6fc0a0c3b580bb5b7208c": 1780457258.704764, "om_x100b6ecdb0a174b4c00a1a1bc30d1d6": 1780457447.50492, "om_x100b6ece4f1d40b8c0afaf43ca28a18": 1780457501.7804952, "om_x100b6ece419adc88c369c88baddf125": 1780457718.055255, "om_x100b6ece41407504c361f72c050c73e": 1780457721.6317701, "om_x100b6ece4159a4b0c03a4d452d978a9": 1780457722.0401878, "om_x100b6ece41540c80c1b32db5f5d29e7": 1780457722.271293, "om_x100b6ece415364a0c36b817b05a6a76": 1780457722.5303848, "om_x100b6ece5d0e3080c05cd2310912043": 1780457788.749279, "om_x100b6ece6cf4308cc0a0ec1a3e96e2f": 1780458020.226357, "om_x100b6ece6931fcacc2d204dd8a91258": 1780458112.384552, "om_x100b6ece65daacacc0ac6950e96429a": 1780458161.947297, "om_x100b6ece7c6054a8c494a9f6cbfe420": 1780458283.391474, "om_x100b6ece77668880c45ec81710a9cb0": 1780458395.201227, "om_x100b6ece73bd40a0c44138ed017b045": 1780458455.5805519, "om_x100b6ece084e40b4c45239f54d091e2": 1780458600.780566, "om_x100b6ece044a74a0c010f8cabe57179": 1780458664.906039, "om_x100b6ece166c0480c0a55c88a12aeb4": 1780458890.671884, "om_x100b6ece2681a484c4519e80f5c36b4": 1780459141.240793, "om_x100b6ece3e8bdcb8c1cf0da51f37b35": 1780459269.0370471, "om_x100b6ece3eaf48a4c01b377fc940b0f": 1780459270.6717498, "om_x100b6ece36701084c2b494ba30cccb3": 1780459404.404595, "om_x100b6ece3329b0b8c37b8d493555c6e": 1780459486.630718, "om_x100b6ececb4e28b4c360cac30d6c7b6": 1780459608.622622, "om_x100b6ecedf5008a4c3b1c9634152e0c": 1780459802.325985, "om_x100b6eceed38b0a0c1d1e390814b2e4": 1780460095.801644, "om_x100b6ecee60fe0a0c3c2f034255f505": 1780460172.7038028, "om_x100b6ecee195f8a8c24c78a84543ff4": 1780460277.968004, "om_x100b6ecefa6918bcc009932834d063b": 1780460362.670051, "om_x100b6ecef91b2cb0c2336a3449e6cda": 1780460413.731749, "om_x100b6ecef54920a0c1c9d0b08aac016": 1780460472.642226, "om_x100b6ecef16194b0c35a0ad3cdb2199": 1780460539.206026, "om_x100b6ece8d8ab900c362b36c889c631": 1780460596.958545, "om_x100b6ece8b06f8a4c27d3f184f95578": 1780460637.0838048, "om_x100b6ece83d060a8c42f54ba2181932": 1780460754.2421062, "om_x100b6ece9da55ca0c35b754ac1adcdb": 1780460854.838681, "om_x100b6ece981c5ca4c2d0f60158a94c5": 1780460909.48053, "om_x100b6ece910d0ca4c3de110d920f0da": 1780461052.390445, "om_x100b6ecea8482ca8b303d9328179bc5": 1780461160.66452, "om_x100b6ecebf4044a4b265c106f57cfd6": 1780461337.275103, "om_x100b6ecf4eb1e500b18cf3e52904912": 1780461576.295321, "om_x100b6ecf49c09ca4b4cc2118a480090": 1780461681.358829, "om_x100b6ecf5cf10ca8b27e239acd44850": 1780461860.1164238, "om_x100b6ecf58ea20a4c2b4d8ec066f742": 1780461922.8292348,