[backup] Starting Hermes backup for 2026-09-28...
Initialized empty Git repository in /private/tmp/hermes-backup-20260928/.git/
[backup] Fetched remote HEAD (blobless)
[backup] 1648 file(s) changed — committing
[main 7fb2549] auto-backup 2026-09-28
 1622 files changed, 424446 insertions(+), 40 deletions(-)
 create mode 100644 cache/hb-verify-1790453050/.config-baseline.sha256
 create mode 100644 cache/hb-verify-1790453050/.install_id.lock
 create mode 100644 cache/hb-verify-1790453050/.install_method
 create mode 100644 cache/hb-verify-1790453050/.mcp-discovery.lock
 create mode 100644 cache/hb-verify-1790453050/.npm_lock_hash_20ad97944f7e
 create mode 100644 cache/hb-verify-1790453050/.skill-baseline.sha256
 create mode 100644 cache/hb-verify-1790453050/.skills_prompt_snapshot.json
 create mode 100644 cache/hb-verify-1790453050/.update_check
 create mode 100644 cache/hb-verify-1790453050/SOUL.md
 create mode 100644 cache/hb-verify-1790453050/auth.json
 create mode 100644 cache/hb-verify-1790453050/auth.lock
 create mode 100755 cache/hb-verify-1790453050/bin/tirith
 create mode 100644 cache/hb-verify-1790453050/cache/banner_snapshot.json
 create mode 100644 cache/hb-verify-1790453050/cache/blocked-scripts/blocked-1788289765-84d92514.sh
 create mode 100644 cache/hb-verify-1790453050/cache/blocked-scripts/blocked-1788289821-52cbe0eb.sh
 create mode 100644 cache/hb-verify-1790453050/cache/blocked-scripts/blocked-1788775152-16fd1c2b.sh
 create mode 100644 cache/hb-verify-1790453050/cache/delegation/live/deleg_2d290124/manifest.json
 create mode 100644 cache/hb-verify-1790453050/cache/delegation/live/deleg_2d290124/task-0.log
 create mode 100644 cache/hb-verify-1790453050/cache/delegation/live/deleg_2d290124/task-1.log
 create mode 100644 cache/hb-verify-1790453050/cache/delegation/live/deleg_2d290124/task-2.log
 create mode 100644 cache/hb-verify-1790453050/cache/mcp_schema_cache.json
 create mode 100644 cache/hb-verify-1790453050/cache/model_catalog.json
 create mode 100644 cache/hb-verify-1790453050/cache/nous_recommended_cache.json
 create mode 100644 cache/hb-verify-1790453050/cache/openrouter_curated_catalog.json
 create mode 100644 cache/hb-verify-1790453050/cache/openrouter_model_metadata.json
 create mode 100644 cache/hb-verify-1790453050/cache/plugin_toolset_keys.json
 create mode 100644 cache/hb-verify-1790453050/cache/reasoning_caps.json
 create mode 100644 cache/hb-verify-1790453050/cache/schema_columns.json
 rename cache/{ => hb-verify-1790453050/cache}/terminal-output/out-1789866170-34579-a5d0.log (100%)
 create mode 100644 cache/hb-verify-1790453050/cache/terminal-output/out-1789934415-34579-3b90.log
 create mode 100644 cache/hb-verify-1790453050/cache/terminal-output/out-1790020839-34579-2c10.log
 create mode 100644 cache/hb-verify-1790453050/cache/terminal-output/out-1790107204-34579-fd10.log
 create mode 100644 cache/hb-verify-1790453050/cache/terminal-output/out-1790193645-34579-9650.log
 create mode 100644 cache/hb-verify-1790453050/cache/terminal-output/out-1790280018-34579-2b10.log
 create mode 100644 cache/hb-verify-1790453050/cache/terminal-output/out-1790366413-34579-4590.log
 create mode 100644 cache/hb-verify-1790453050/cache/terminal-output/out-1790452833-1264-cd50.log
 create mode 100644 cache/hb-verify-1790453050/cache/tool_discovery_cache.json
 create mode 100644 cache/hb-verify-1790453050/channel_directory.json
 create mode 100644 cache/hb-verify-1790453050/cron/.fire-01867943f7f1562ea9c714098fd086ea.lock
 create mode 100644 cache/hb-verify-1790453050/cron/.fire-77b93b732a575c568d7df40de5923bef.lock
 create mode 100644 cache/hb-verify-1790453050/cron/.fire-7b8d9ae7f6d15487b93e5e16df55c594.lock
 create mode 100644 cache/hb-verify-1790453050/cron/.fire-8cec29ba20645af199daa5e319c743ae.lock
 create mode 100644 cache/hb-verify-1790453050/cron/.fire-93d72d58969b5fecaea6763774480f98.lock
 create mode 100644 cache/hb-verify-1790453050/cron/.fire-ab31ad56af4857d5a856a8d413854da7.lock
 create mode 100644 cache/hb-verify-1790453050/cron/.jobs.lock
 create mode 100644 cache/hb-verify-1790453050/cron/.tick.lock
 create mode 100644 cache/hb-verify-1790453050/cron/catch_up_occurrences
 create mode 100644 cache/hb-verify-1790453050/cron/executions.db
 create mode 100644 cache/hb-verify-1790453050/cron/jobs.json
 create mode 100644 cache/hb-verify-1790453050/cron/notepad.db
 create mode 100644 cache/hb-verify-1790453050/cron/output/0dfb5be140ea/2026-07-06_09-09-27.md
 create mode 100644 cache/hb-verify-1790453050/cron/output/0dfb5be140ea/2026-07-13_09-53-07.md
 create mode 100644 cache/hb-verify-1790453050/cron/output/0dfb5be140ea/2026-07-20_09-09-23.md
 create mode 100644 cache/hb-verify-1790453050/cron/output/0dfb5be140ea/2026-07-27_09-38-10.md
 create mode 100644 cache/hb-verify-1790453050/cron/output/0dfb5be140ea/2026-08-03_09-32-01.md
 create mode 100644 cache/hb-verify-1790453050/cron/output/0dfb5be140ea/2026-08-12_16-57-17.md
 create mode 100644 cache/hb-verify-1790453050/cron/output/0dfb5be140ea/2026-08-17_09-29-21.md
 create mode 100644 cache/hb-verify-1790453050/cron/output/0dfb5be140ea/2026-08-24_09-24-37.md
 create mode 100644 cache/hb-verify-1790453050/cron/output/0dfb5be140ea/2026-08-31_09-23-45.md
 create mode 100644 cache/hb-verify-1790453050/cron/output/0dfb5be140ea/2026-09-07_18-22-12.md
 create mode 100644 cache/hb-verify-1790453050/cron/output/0dfb5be140ea/2026-09-14_09-01-11.md
 create mode 100644 cache/hb-verify-1790453050/cron/output/0dfb5be140ea/2026-09-21_09-13-43.md
 rename {cron => cache/hb-verify-1790453050/cron}/output/302a8db2bf0d/2026-07-27_04-02-40.md (100%)
 create mode 100644 cache/hb-verify-1790453050/cron/output/302a8db2bf0d/2026-07-28_04-02-29.md
 create mode 100644 cache/hb-verify-1790453050/cron/output/302a8db2bf0d/2026-07-29_04-04-39.md
 create mode 100644 cache/hb-verify-1790453050/cron/output/302a8db2bf0d/2026-07-30_04-01-40.md
 create mode 100644 cache/hb-verify-1790453050/cron/output/302a8db2bf0d/2026-07-31_04-03-38.md
 create mode 100644 cache/hb-verify-1790453050/cron/output/302a8db2bf0d/2026-08-04_04-11-26.md
 create mode 100644 cache/hb-verify-1790453050/cron/output/302a8db2bf0d/2026-08-06_04-01-59.md
 create mode 100644 cache/hb-verify-1790453050/cron/output/302a8db2bf0d/2026-08-07_04-03-45.md
 create mode 100644 cache/hb-verify-1790453050/cron/output/302a8db2bf0d/2026-08-08_04-01-19.md
 create mode 100644 cache/hb-verify-1790453050/cron/output/302a8db2bf0d/2026-08-09_04-01-00.md
 create mode 100644 cache/hb-verify-1790453050/cron/output/302a8db2bf0d/2026-08-12_17-04-34.md
 create mode 100644 cache/hb-verify-1790453050/cron/output/302a8db2bf0d/2026-08-13_04-21-14.md
 create mode 100644 cache/hb-verify-1790453050/cron/output/302a8db2bf0d/2026-08-14_04-09-50.md
 create mode 100644 cache/hb-verify-1790453050/cron/output/302a8db2bf0d/2026-08-15_04-34-51.md
 create mode 100644 cache/hb-verify-1790453050/cron/output/302a8db2bf0d/2026-08-16_04-02-31.md
 create mode 100644 cache/hb-verify-1790453050/cron/output/302a8db2bf0d/2026-08-17_04-01-44.md
 create mode 100644 cache/hb-verify-1790453050/cron/output/302a8db2bf0d/2026-08-18_04-01-49.md
 create mode 100644 cache/hb-verify-1790453050/cron/output/302a8db2bf0d/2026-08-20_23-38-31.md
 create mode 100644 cache/hb-verify-1790453050/cron/output/302a8db2bf0d/2026-08-21_04-11-57.md
 create mode 100644 cache/hb-verify-1790453050/cron/output/302a8db2bf0d/2026-08-22_04-02-16.md
 create mode 100644 cache/hb-verify-1790453050/cron/output/302a8db2bf0d/2026-08-23_04-03-04.md
 create mode 100644 cache/hb-verify-1790453050/cron/output/302a8db2bf0d/2026-08-24_04-02-50.md
 create mode 100644 cache/hb-verify-1790453050/cron/output/302a8db2bf0d/2026-08-25_04-00-52.md
 create mode 100644 cache/hb-verify-1790453050/cron/output/302a8db2bf0d/2026-08-26_04-03-24.md
 create mode 100644 cache/hb-verify-1790453050/cron/output/302a8db2bf0d/2026-08-27_04-03-56.md
 create mode 100644 cache/hb-verify-1790453050/cron/output/302a8db2bf0d/2026-08-28_04-02-37.md
 create mode 100644 cache/hb-verify-1790453050/cron/output/302a8db2bf0d/2026-08-30_20-37-58.md
 create mode 100644 cache/hb-verify-1790453050/cron/output/302a8db2bf0d/2026-08-31_04-03-02.md
 create mode 100644 cache/hb-verify-1790453050/cron/output/302a8db2bf0d/2026-09-01_04-03-42.md
 create mode 100644 cache/hb-verify-1790453050/cron/output/302a8db2bf0d/2026-09-02_04-02-45.md
 create mode 100644 cache/hb-verify-1790453050/cron/output/302a8db2bf0d/2026-09-07_18-09-39.md
 create mode 100644 cache/hb-verify-1790453050/cron/output/302a8db2bf0d/2026-09-08_09-43-42.md
 create mode 100644 cache/hb-verify-1790453050/cron/output/302a8db2bf0d/2026-09-09_04-04-33.md
 create mode 100644 cache/hb-verify-1790453050/cron/output/302a8db2bf0d/2026-09-10_04-02-14.md
 create mode 100644 cache/hb-verify-1790453050/cron/output/302a8db2bf0d/2026-09-11_04-02-34.md
 create mode 100644 cache/hb-verify-1790453050/cron/output/302a8db2bf0d/2026-09-12_04-01-54.md
 create mode 100644 cache/hb-verify-1790453050/cron/output/302a8db2bf0d/2026-09-13_04-02-06.md
 create mode 100644 cache/hb-verify-1790453050/cron/output/302a8db2bf0d/2026-09-14_04-03-07.md
 create mode 100644 cache/hb-verify-1790453050/cron/output/302a8db2bf0d/2026-09-15_04-02-38.md
 create mode 100644 cache/hb-verify-1790453050/cron/output/302a8db2bf0d/2026-09-16_04-02-32.md
 create mode 100644 cache/hb-verify-1790453050/cron/output/302a8db2bf0d/2026-09-17_04-02-04.md
 create mode 100644 cache/hb-verify-1790453050/cron/output/302a8db2bf0d/2026-09-18_04-02-40.md
 create mode 100644 cache/hb-verify-1790453050/cron/output/302a8db2bf0d/2026-09-19_04-01-39.md
 create mode 100644 cache/hb-verify-1790453050/cron/output/302a8db2bf0d/2026-09-20_04-01-27.md
 create mode 100644 cache/hb-verify-1790453050/cron/output/302a8db2bf0d/2026-09-21_04-01-39.md
 create mode 100644 cache/hb-verify-1790453050/cron/output/302a8db2bf0d/2026-09-22_04-02-20.md
 create mode 100644 cache/hb-verify-1790453050/cron/output/302a8db2bf0d/2026-09-23_04-02-02.md
 create mode 100644 cache/hb-verify-1790453050/cron/output/302a8db2bf0d/2026-09-24_04-02-32.md
 create mode 100644 cache/hb-verify-1790453050/cron/output/302a8db2bf0d/2026-09-25_04-01-41.md
 create mode 100644 cache/hb-verify-1790453050/cron/output/302a8db2bf0d/2026-09-26_04-02-01.md
 rename {cron => cache/hb-verify-1790453050/cron}/output/7f2b940e2ec7/2026-08-01_03-06-56.md (100%)
 create mode 100644 cache/hb-verify-1790453050/cron/output/7f2b940e2ec7/2026-08-02_03-05-26.md
 create mode 100644 cache/hb-verify-1790453050/cron/output/7f2b940e2ec7/2026-08-03_03-06-18.md
 create mode 100644 cache/hb-verify-1790453050/cron/output/7f2b940e2ec7/2026-08-04_03-08-38.md
 create mode 100644 cache/hb-verify-1790453050/cron/output/7f2b940e2ec7/2026-08-05_03-03-57.md
 create mode 100644 cache/hb-verify-1790453050/cron/output/7f2b940e2ec7/2026-08-06_03-07-26.md
 create mode 100644 cache/hb-verify-1790453050/cron/output/7f2b940e2ec7/2026-08-07_03-03-35.md
 create mode 100644 cache/hb-verify-1790453050/cron/output/7f2b940e2ec7/2026-08-08_03-01-10.md
 create mode 100644 cache/hb-verify-1790453050/cron/output/7f2b940e2ec7/2026-08-09_03-00-48.md
 create mode 100644 cache/hb-verify-1790453050/cron/output/7f2b940e2ec7/2026-08-12_16-51-03.md
 create mode 100644 cache/hb-verify-1790453050/cron/output/7f2b940e2ec7/2026-08-13_03-03-31.md
 create mode 100644 cache/hb-verify-1790453050/cron/output/7f2b940e2ec7/2026-08-14_03-04-02.md
 create mode 100644 cache/hb-verify-1790453050/cron/output/7f2b940e2ec7/2026-08-15_03-05-18.md
 create mode 100644 cache/hb-verify-1790453050/cron/output/7f2b940e2ec7/2026-08-16_03-02-57.md
 create mode 100644 cache/hb-verify-1790453050/cron/output/7f2b940e2ec7/2026-08-17_03-10-18.md
 create mode 100644 cache/hb-verify-1790453050/cron/output/7f2b940e2ec7/2026-08-18_03-10-45.md
 create mode 100644 cache/hb-verify-1790453050/cron/output/7f2b940e2ec7/2026-08-20_23-31-02.md
 create mode 100644 cache/hb-verify-1790453050/cron/output/7f2b940e2ec7/2026-08-21_03-02-53.md
 create mode 100644 cache/hb-verify-1790453050/cron/output/7f2b940e2ec7/2026-08-22_03-03-23.md
 create mode 100644 cache/hb-verify-1790453050/cron/output/7f2b940e2ec7/2026-08-23_03-09-43.md
 create mode 100644 cache/hb-verify-1790453050/cron/output/7f2b940e2ec7/2026-08-24_03-11-09.md
 create mode 100644 cache/hb-verify-1790453050/cron/output/7f2b940e2ec7/2026-08-25_03-00-45.md
 create mode 100644 cache/hb-verify-1790453050/cron/output/7f2b940e2ec7/2026-08-26_03-02-54.md
 create mode 100644 cache/hb-verify-1790453050/cron/output/7f2b940e2ec7/2026-08-27_03-10-36.md
 create mode 100644 cache/hb-verify-1790453050/cron/output/7f2b940e2ec7/2026-08-28_03-09-49.md
 create mode 100644 cache/hb-verify-1790453050/cron/output/7f2b940e2ec7/2026-08-30_20-34-44.md
 create mode 100644 cache/hb-verify-1790453050/cron/output/7f2b940e2ec7/2026-08-31_03-02-24.md
 create mode 100644 cache/hb-verify-1790453050/cron/output/7f2b940e2ec7/2026-09-01_03-07-21.md
 create mode 100644 cache/hb-verify-1790453050/cron/output/7f2b940e2ec7/2026-09-02_03-11-57.md
 create mode 100644 cache/hb-verify-1790453050/cron/output/7f2b940e2ec7/2026-09-07_18-02-26.md
 create mode 100644 cache/hb-verify-1790453050/cron/output/7f2b940e2ec7/2026-09-08_09-43-43.md
 create mode 100644 cache/hb-verify-1790453050/cron/output/7f2b940e2ec7/2026-09-09_03-09-24.md
 create mode 100644 cache/hb-verify-1790453050/cron/output/7f2b940e2ec7/2026-09-10_03-07-04.md
 create mode 100644 cache/hb-verify-1790453050/cron/output/7f2b940e2ec7/2026-09-11_03-09-25.md
 create mode 100644 cache/hb-verify-1790453050/cron/output/7f2b940e2ec7/2026-09-12_03-09-02.md
 create mode 100644 cache/hb-verify-1790453050/cron/output/7f2b940e2ec7/2026-09-13_03-09-09.md
 create mode 100644 cache/hb-verify-1790453050/cron/output/7f2b940e2ec7/2026-09-14_03-02-48.md
 create mode 100644 cache/hb-verify-1790453050/cron/output/7f2b940e2ec7/2026-09-15_03-09-58.md
 create mode 100644 cache/hb-verify-1790453050/cron/output/7f2b940e2ec7/2026-09-16_03-07-25.md
 create mode 100644 cache/hb-verify-1790453050/cron/output/7f2b940e2ec7/2026-09-17_03-09-43.md
 create mode 100644 cache/hb-verify-1790453050/cron/output/7f2b940e2ec7/2026-09-18_03-01-40.md
 create mode 100644 cache/hb-verify-1790453050/cron/output/7f2b940e2ec7/2026-09-19_03-02-15.md
 create mode 100644 cache/hb-verify-1790453050/cron/output/7f2b940e2ec7/2026-09-20_03-02-10.md
 create mode 100644 cache/hb-verify-1790453050/cron/output/7f2b940e2ec7/2026-09-21_03-01-58.md
 create mode 100644 cache/hb-verify-1790453050/cron/output/7f2b940e2ec7/2026-09-22_03-02-19.md
 create mode 100644 cache/hb-verify-1790453050/cron/output/7f2b940e2ec7/2026-09-23_03-01-53.md
 create mode 100644 cache/hb-verify-1790453050/cron/output/7f2b940e2ec7/2026-09-24_03-01-48.md
 create mode 100644 cache/hb-verify-1790453050/cron/output/7f2b940e2ec7/2026-09-25_03-02-02.md
 create mode 100644 cache/hb-verify-1790453050/cron/output/7f2b940e2ec7/2026-09-26_03-02-07.md
 create mode 100644 cache/hb-verify-1790453050/cron/output/7f2b940e2ec7/2026-09-27_03-09-02.md
 create mode 100644 cache/hb-verify-1790453050/cron/output/8086dba17168/2026-07-31_04-02-02.md
 create mode 100644 cache/hb-verify-1790453050/cron/output/8086dba17168/2026-08-01_04-01-48.md
 create mode 100644 cache/hb-verify-1790453050/cron/output/8086dba17168/2026-08-02_04-01-59.md
 create mode 100644 cache/hb-verify-1790453050/cron/output/8086dba17168/2026-08-03_04-02-04.md
 create mode 100644 cache/hb-verify-1790453050/cron/output/8086dba17168/2026-08-04_04-01-47.md
 create mode 100644 cache/hb-verify-1790453050/cron/output/8086dba17168/2026-08-05_04-01-07.md
 create mode 100644 cache/hb-verify-1790453050/cron/output/8086dba17168/2026-08-06_04-03-36.md
 create mode 100644 cache/hb-verify-1790453050/cron/output/8086dba17168/2026-08-07_04-00-55.md
 create mode 100644 cache/hb-verify-1790453050/cron/output/8086dba17168/2026-08-08_04-01-18.md
 create mode 100644 cache/hb-verify-1790453050/cron/output/8086dba17168/2026-08-09_04-00-58.md
 create mode 100644 cache/hb-verify-1790453050/cron/output/8086dba17168/2026-08-12_16-50-45.md
 create mode 100644 cache/hb-verify-1790453050/cron/output/8086dba17168/2026-08-13_04-07-46.md
 create mode 100644 cache/hb-verify-1790453050/cron/output/8086dba17168/2026-08-14_04-01-52.md
 create mode 100644 cache/hb-verify-1790453050/cron/output/8086dba17168/2026-08-15_04-05-32.md
 create mode 100644 cache/hb-verify-1790453050/cron/output/8086dba17168/2026-08-16_04-01-45.md
 create mode 100644 cache/hb-verify-1790453050/cron/output/8086dba17168/2026-08-17_04-01-07.md
 create mode 100644 cache/hb-verify-1790453050/cron/output/8086dba17168/2026-08-18_04-01-28.md
 create mode 100644 cache/hb-verify-1790453050/cron/output/8086dba17168/2026-08-20_23-35-10.md
 create mode 100644 cache/hb-verify-1790453050/cron/output/8086dba17168/2026-08-21_04-01-23.md
 create mode 100644 cache/hb-verify-1790453050/cron/output/8086dba17168/2026-08-22_04-01-07.md
 create mode 100644 cache/hb-verify-1790453050/cron/output/8086dba17168/2026-08-23_04-02-27.md
 create mode 100644 cache/hb-verify-1790453050/cron/output/8086dba17168/2026-08-24_04-03-48.md
 create mode 100644 cache/hb-verify-1790453050/cron/output/8086dba17168/2026-08-25_04-00-54.md
 create mode 100644 cache/hb-verify-1790453050/cron/output/8086dba17168/2026-08-26_04-01-38.md
 create mode 100644 cache/hb-verify-1790453050/cron/output/8086dba17168/2026-08-27_04-02-55.md
 create mode 100644 cache/hb-verify-1790453050/cron/output/8086dba17168/2026-08-30_20-36-35.md
 create mode 100644 cache/hb-verify-1790453050/cron/output/8086dba17168/2026-08-31_04-01-18.md
 create mode 100644 cache/hb-verify-1790453050/cron/output/8086dba17168/2026-09-01_04-01-30.md
 create mode 100644 cache/hb-verify-1790453050/cron/output/8086dba17168/2026-09-02_04-01-49.md
 create mode 100644 cache/hb-verify-1790453050/cron/output/8086dba17168/2026-09-07_18-08-55.md
 create mode 100644 cache/hb-verify-1790453050/cron/output/8086dba17168/2026-09-08_09-43-43.md
 create mode 100644 cache/hb-verify-1790453050/cron/output/8086dba17168/2026-09-09_04-05-09.md
 create mode 100644 cache/hb-verify-1790453050/cron/output/8086dba17168/2026-09-10_04-01-21.md
 create mode 100644 cache/hb-verify-1790453050/cron/output/8086dba17168/2026-09-11_04-02-13.md
 create mode 100644 cache/hb-verify-1790453050/cron/output/8086dba17168/2026-09-12_04-01-13.md
 create mode 100644 cache/hb-verify-1790453050/cron/output/8086dba17168/2026-09-13_04-01-25.md
 create mode 100644 cache/hb-verify-1790453050/cron/output/8086dba17168/2026-09-14_04-01-44.md
 create mode 100644 cache/hb-verify-1790453050/cron/output/8086dba17168/2026-09-15_04-03-13.md
 create mode 100644 cache/hb-verify-1790453050/cron/output/8086dba17168/2026-09-16_04-02-18.md
 create mode 100644 cache/hb-verify-1790453050/cron/output/8086dba17168/2026-09-17_04-01-56.md
 create mode 100644 cache/hb-verify-1790453050/cron/output/8086dba17168/2026-09-18_04-01-56.md
 create mode 100644 cache/hb-verify-1790453050/cron/output/8086dba17168/2026-09-19_04-02-33.md
 create mode 100644 cache/hb-verify-1790453050/cron/output/8086dba17168/2026-09-20_04-01-01.md
 create mode 100644 cache/hb-verify-1790453050/cron/output/8086dba17168/2026-09-21_04-01-07.md
 create mode 100644 cache/hb-verify-1790453050/cron/output/8086dba17168/2026-09-22_04-01-30.md
 create mode 100644 cache/hb-verify-1790453050/cron/output/8086dba17168/2026-09-23_04-01-20.md
 create mode 100644 cache/hb-verify-1790453050/cron/output/8086dba17168/2026-09-24_04-02-00.md
 create mode 100644 cache/hb-verify-1790453050/cron/output/8086dba17168/2026-09-25_04-01-11.md
 create mode 100644 cache/hb-verify-1790453050/cron/output/8086dba17168/2026-09-26_04-01-28.md
 create mode 100644 cache/hb-verify-1790453050/cron/output/8086dba17168/2026-09-27_04-01-58.md
 create mode 100644 cache/hb-verify-1790453050/cron/output/b0dfa9945543_20260804_143340.txt
 create mode 100644 cache/hb-verify-1790453050/cron/output/b0dfa9945543_20260806_143342.txt
 rename {cron => cache/hb-verify-1790453050/cron}/output/c8e25d6e74a3/2026-07-30_09-25-25.md (100%)
 create mode 100644 cache/hb-verify-1790453050/cron/output/c8e25d6e74a3/2026-07-31_09-27-14.md
 create mode 100644 cache/hb-verify-1790453050/cron/output/c8e25d6e74a3/2026-08-01_09-15-54.md
 create mode 100644 cache/hb-verify-1790453050/cron/output/c8e25d6e74a3/2026-08-02_09-15-13.md
 create mode 100644 cache/hb-verify-1790453050/cron/output/c8e25d6e74a3/2026-08-03_09-30-31.md
 create mode 100644 cache/hb-verify-1790453050/cron/output/c8e25d6e74a3/2026-08-04_09-26-09.md
 create mode 100644 cache/hb-verify-1790453050/cron/output/c8e25d6e74a3/2026-08-05_09-24-40.md
 create mode 100644 cache/hb-verify-1790453050/cron/output/c8e25d6e74a3/2026-08-06_09-22-22.md
 create mode 100644 cache/hb-verify-1790453050/cron/output/c8e25d6e74a3/2026-08-07_09-00-24.md
 create mode 100644 cache/hb-verify-1790453050/cron/output/c8e25d6e74a3/2026-08-08_09-01-05.md
 create mode 100644 cache/hb-verify-1790453050/cron/output/c8e25d6e74a3/2026-08-09_09-00-46.md
 create mode 100644 cache/hb-verify-1790453050/cron/output/c8e25d6e74a3/2026-08-12_16-57-18.md
 create mode 100644 cache/hb-verify-1790453050/cron/output/c8e25d6e74a3/2026-08-13_09-35-19.md
 create mode 100644 cache/hb-verify-1790453050/cron/output/c8e25d6e74a3/2026-08-14_09-22-19.md
 create mode 100644 cache/hb-verify-1790453050/cron/output/c8e25d6e74a3/2026-08-15_09-14-19.md
 create mode 100644 cache/hb-verify-1790453050/cron/output/c8e25d6e74a3/2026-08-16_09-14-03.md
 create mode 100644 cache/hb-verify-1790453050/cron/output/c8e25d6e74a3/2026-08-17_09-20-21.md
 create mode 100644 cache/hb-verify-1790453050/cron/output/c8e25d6e74a3/2026-08-18_09-20-56.md
 create mode 100644 cache/hb-verify-1790453050/cron/output/c8e25d6e74a3/2026-08-20_23-35-58.md
 create mode 100644 cache/hb-verify-1790453050/cron/output/c8e25d6e74a3/2026-08-21_09-19-09.md
 create mode 100644 cache/hb-verify-1790453050/cron/output/c8e25d6e74a3/2026-08-22_09-12-51.md
 create mode 100644 cache/hb-verify-1790453050/cron/output/c8e25d6e74a3/2026-08-23_09-14-05.md
 create mode 100644 cache/hb-verify-1790453050/cron/output/c8e25d6e74a3/2026-08-24_09-18-06.md
 create mode 100644 cache/hb-verify-1790453050/cron/output/c8e25d6e74a3/2026-08-25_09-00-39.md
 create mode 100644 cache/hb-verify-1790453050/cron/output/c8e25d6e74a3/2026-08-26_09-11-42.md
 create mode 100644 cache/hb-verify-1790453050/cron/output/c8e25d6e74a3/2026-08-27_09-12-43.md
 create mode 100644 cache/hb-verify-1790453050/cron/output/c8e25d6e74a3/2026-08-28_09-13-25.md
 create mode 100644 cache/hb-verify-1790453050/cron/output/c8e25d6e74a3/2026-08-30_20-35-35.md
 create mode 100644 cache/hb-verify-1790453050/cron/output/c8e25d6e74a3/2026-08-31_09-15-43.md
 create mode 100644 cache/hb-verify-1790453050/cron/output/c8e25d6e74a3/2026-09-01_09-15-04.md
 create mode 100644 cache/hb-verify-1790453050/cron/output/c8e25d6e74a3/2026-09-07_18-07-30.md
 create mode 100644 cache/hb-verify-1790453050/cron/output/c8e25d6e74a3/2026-09-08_09-43-41.md
 create mode 100644 cache/hb-verify-1790453050/cron/output/c8e25d6e74a3/2026-09-09_09-01-18.md
 create mode 100644 cache/hb-verify-1790453050/cron/output/c8e25d6e74a3/2026-09-10_09-04-09.md
 create mode 100644 cache/hb-verify-1790453050/cron/output/c8e25d6e74a3/2026-09-11_11-42-45.md
 create mode 100644 cache/hb-verify-1790453050/cron/output/c8e25d6e74a3/2026-09-12_09-04-41.md
 create mode 100644 cache/hb-verify-1790453050/cron/output/c8e25d6e74a3/2026-09-13_09-04-02.md
 create mode 100644 cache/hb-verify-1790453050/cron/output/c8e25d6e74a3/2026-09-14_09-01-11.md
 create mode 100644 cache/hb-verify-1790453050/cron/output/c8e25d6e74a3/2026-09-15_09-07-59.md
 create mode 100644 cache/hb-verify-1790453050/cron/output/c8e25d6e74a3/2026-09-16_09-08-34.md
 create mode 100644 cache/hb-verify-1790453050/cron/output/c8e25d6e74a3/2026-09-17_09-09-45.md
 create mode 100644 cache/hb-verify-1790453050/cron/output/c8e25d6e74a3/2026-09-18_09-06-45.md
 create mode 100644 cache/hb-verify-1790453050/cron/output/c8e25d6e74a3/2026-09-19_09-04-48.md
 create mode 100644 cache/hb-verify-1790453050/cron/output/c8e25d6e74a3/2026-09-20_09-04-50.md
 create mode 100644 cache/hb-verify-1790453050/cron/output/c8e25d6e74a3/2026-09-21_09-13-23.md
 create mode 100644 cache/hb-verify-1790453050/cron/output/c8e25d6e74a3/2026-09-22_09-07-05.md
 create mode 100644 cache/hb-verify-1790453050/cron/output/c8e25d6e74a3/2026-09-23_09-04-40.md
 create mode 100644 cache/hb-verify-1790453050/cron/output/c8e25d6e74a3/2026-09-24_09-07-37.md
 create mode 100644 cache/hb-verify-1790453050/cron/output/c8e25d6e74a3/2026-09-25_09-05-34.md
 create mode 100644 cache/hb-verify-1790453050/cron/output/c8e25d6e74a3/2026-09-26_10-45-54.md
 create mode 100644 cache/hb-verify-1790453050/cron/output/c8e25d6e74a3_20260723_092524.txt
 create mode 100644 cache/hb-verify-1790453050/cron/output/c8e25d6e74a3_20260724_092247.txt
 create mode 100644 cache/hb-verify-1790453050/cron/output/c8e25d6e74a3_20260725_091453.txt
 create mode 100644 cache/hb-verify-1790453050/cron/output/c8e25d6e74a3_20260726_091531.txt
 create mode 100644 cache/hb-verify-1790453050/cron/output/c8e25d6e74a3_20260727_092531.txt
 create mode 100644 cache/hb-verify-1790453050/cron/output/c8e25d6e74a3_20260729_092754.txt
 create mode 100644 cache/hb-verify-1790453050/cron/output/c8e25d6e74a3_20260730_092525.txt
 create mode 100644 cache/hb-verify-1790453050/cron/output/c8e25d6e74a3_20260731_092714.txt
 create mode 100644 cache/hb-verify-1790453050/cron/output/c8e25d6e74a3_20260801_091554.txt
 create mode 100644 cache/hb-verify-1790453050/cron/output/c8e25d6e74a3_20260802_091513.txt
 create mode 100644 cache/hb-verify-1790453050/cron/output/c8e25d6e74a3_20260803_093031.txt
 create mode 100644 cache/hb-verify-1790453050/cron/output/c8e25d6e74a3_20260804_092609.txt
 create mode 100644 cache/hb-verify-1790453050/cron/output/c8e25d6e74a3_20260805_092440.txt
 create mode 100644 cache/hb-verify-1790453050/cron/output/c8e25d6e74a3_20260806_092222.txt
 create mode 100644 cache/hb-verify-1790453050/cron/output/c8e25d6e74a3_20260812_165718.txt
 create mode 100644 cache/hb-verify-1790453050/cron/output/c8e25d6e74a3_20260813_093519.txt
 create mode 100644 cache/hb-verify-1790453050/cron/output/c8e25d6e74a3_20260814_092220.txt
 create mode 100644 cache/hb-verify-1790453050/cron/output/c8e25d6e74a3_20260815_091420.txt
 create mode 100644 cache/hb-verify-1790453050/cron/output/c8e25d6e74a3_20260816_091403.txt
 create mode 100644 cache/hb-verify-1790453050/cron/output/c8e25d6e74a3_20260817_092021.txt
 create mode 100644 cache/hb-verify-1790453050/cron/output/c8e25d6e74a3_20260818_092056.txt
 create mode 100644 cache/hb-verify-1790453050/cron/output/c8e25d6e74a3_20260820_233558.txt
 create mode 100644 cache/hb-verify-1790453050/cron/output/c8e25d6e74a3_20260822_091251.txt
 create mode 100644 cache/hb-verify-1790453050/cron/output/c8e25d6e74a3_20260823_091406.txt
 create mode 100644 cache/hb-verify-1790453050/cron/output/c8e25d6e74a3_20260824_091806.txt
 create mode 100644 cache/hb-verify-1790453050/cron/output/c8e25d6e74a3_20260826_091142.txt
 create mode 100644 cache/hb-verify-1790453050/cron/output/c8e25d6e74a3_20260827_091243.txt
 create mode 100644 cache/hb-verify-1790453050/cron/output/c8e25d6e74a3_20260828_091325.txt
 create mode 100644 cache/hb-verify-1790453050/cron/output/c8e25d6e74a3_20260830_203536.txt
 create mode 100644 cache/hb-verify-1790453050/cron/output/c8e25d6e74a3_20260831_091543.txt
 create mode 100644 cache/hb-verify-1790453050/cron/output/c8e25d6e74a3_20260901_091504.txt
 create mode 100644 cache/hb-verify-1790453050/cron/output/c8e25d6e74a3_20260907_180730.txt
 create mode 100644 cache/hb-verify-1790453050/cron/output/c8e25d6e74a3_20260910_090409.txt
 create mode 100644 cache/hb-verify-1790453050/cron/output/c8e25d6e74a3_20260911_114245.txt
 create mode 100644 cache/hb-verify-1790453050/cron/output/c8e25d6e74a3_20260912_090441.txt
 create mode 100644 cache/hb-verify-1790453050/cron/output/c8e25d6e74a3_20260913_090402.txt
 create mode 100644 cache/hb-verify-1790453050/cron/output/c8e25d6e74a3_20260915_090759.txt
 create mode 100644 cache/hb-verify-1790453050/cron/output/c8e25d6e74a3_20260916_090834.txt
 create mode 100644 cache/hb-verify-1790453050/cron/output/c8e25d6e74a3_20260918_090645.txt
 create mode 100644 cache/hb-verify-1790453050/cron/output/c8e25d6e74a3_20260919_090448.txt
 create mode 100644 cache/hb-verify-1790453050/cron/output/c8e25d6e74a3_20260920_090450.txt
 create mode 100644 cache/hb-verify-1790453050/cron/output/c8e25d6e74a3_20260922_090705.txt
 create mode 100644 cache/hb-verify-1790453050/cron/output/c8e25d6e74a3_20260924_090737.txt
 create mode 100644 cache/hb-verify-1790453050/cron/output/c8e25d6e74a3_20260925_090534.txt
 create mode 100644 cache/hb-verify-1790453050/cron/output/c8e25d6e74a3_20260926_104554.txt
 create mode 100644 cache/hb-verify-1790453050/cron/ticker_heartbeat
 create mode 100644 cache/hb-verify-1790453050/cron/ticker_last_success
 create mode 100644 cache/hb-verify-1790453050/cron/usage_audit.jsonl
 create mode 100644 cache/hb-verify-1790453050/feishu_seen_message_ids.json
 create mode 100644 cache/hb-verify-1790453050/gateway-starts.log
 create mode 100644 cache/hb-verify-1790453050/gateway.lock
 create mode 100755 cache/hb-verify-1790453050/gateway.pid
 create mode 100644 cache/hb-verify-1790453050/gateway_state.json
 create mode 100644 cache/hb-verify-1790453050/install_id
 create mode 100644 cache/hb-verify-1790453050/kanban.db
 create mode 100644 cache/hb-verify-1790453050/kanban.db-shm
 create mode 100644 cache/hb-verify-1790453050/kanban.db-wal
 create mode 100644 cache/hb-verify-1790453050/kanban.db.dispatch.lock
 create mode 100644 cache/hb-verify-1790453050/kanban.db.init.lock
 create mode 100644 cache/hb-verify-1790453050/kanban/.dispatcher.lock
 create mode 100644 cache/hb-verify-1790453050/memories/MEMORY.md
 create mode 100644 cache/hb-verify-1790453050/memories/MEMORY.md.lock
 create mode 100644 cache/hb-verify-1790453050/memories/USER.md
 create mode 100644 cache/hb-verify-1790453050/memories/USER.md.lock
 create mode 100644 cache/hb-verify-1790453050/models_dev_cache.etag
 create mode 100644 cache/hb-verify-1790453050/models_dev_cache.json
 create mode 100644 cache/hb-verify-1790453050/ollama_cloud_models_cache.json
 create mode 100644 cache/hb-verify-1790453050/processes.json
 create mode 100644 cache/hb-verify-1790453050/provider_models_cache.json
 create mode 100644 cache/hb-verify-1790453050/runtime/active_sessions.json
 create mode 100644 cache/hb-verify-1790453050/runtime/active_sessions.lock
 create mode 100755 cache/hb-verify-1790453050/scripts/.hermes-tmp.lK1oEj
 create mode 100755 cache/hb-verify-1790453050/scripts/.hermes-tmp.mCgBX3
 create mode 100755 cache/hb-verify-1790453050/scripts/hermes-backup.sh
 create mode 100755 cache/hb-verify-1790453050/scripts/hermes-backup.sh.bak.20260815_042322
 create mode 100755 cache/hb-verify-1790453050/scripts/hermes-backup.sh.bak.20260909_040236
 create mode 100755 cache/hb-verify-1790453050/scripts/hermes-backup.sh.bak.20260927_040219
 create mode 100755 cache/hb-verify-1790453050/scripts/nightly-security-audit.sh
 rename {security-reports => cache/hb-verify-1790453050/security-reports}/audit-20260827-030042.txt (100%)
 create mode 100644 cache/hb-verify-1790453050/security-reports/audit-20260828-030032.txt
 create mode 100644 cache/hb-verify-1790453050/security-reports/audit-20260830-203117.txt
 create mode 100644 cache/hb-verify-1790453050/security-reports/audit-20260831-030103.txt
 create mode 100644 cache/hb-verify-1790453050/security-reports/audit-20260901-030039.txt
 create mode 100644 cache/hb-verify-1790453050/security-reports/audit-20260902-030018.txt
 create mode 100644 cache/hb-verify-1790453050/security-reports/audit-20260907-175836.txt
 create mode 100644 cache/hb-verify-1790453050/security-reports/audit-20260909-030026.txt
 create mode 100644 cache/hb-verify-1790453050/security-reports/audit-20260910-030027.txt
 create mode 100644 cache/hb-verify-1790453050/security-reports/audit-20260911-030055.txt
 create mode 100644 cache/hb-verify-1790453050/security-reports/audit-20260912-030018.txt
 create mode 100644 cache/hb-verify-1790453050/security-reports/audit-20260913-030038.txt
 create mode 100644 cache/hb-verify-1790453050/security-reports/audit-20260914-030046.txt
 create mode 100644 cache/hb-verify-1790453050/security-reports/audit-20260915-030119.txt
 create mode 100644 cache/hb-verify-1790453050/security-reports/audit-20260916-030059.txt
 create mode 100644 cache/hb-verify-1790453050/security-reports/audit-20260917-030044.txt
 create mode 100644 cache/hb-verify-1790453050/security-reports/audit-20260918-030051.txt
 create mode 100644 cache/hb-verify-1790453050/security-reports/audit-20260919-030038.txt
 create mode 100644 cache/hb-verify-1790453050/security-reports/audit-20260920-030038.txt
 create mode 100644 cache/hb-verify-1790453050/security-reports/audit-20260921-030106.txt
 create mode 100644 cache/hb-verify-1790453050/security-reports/audit-20260922-030059.txt
 create mode 100644 cache/hb-verify-1790453050/security-reports/audit-20260923-030053.txt
 create mode 100644 cache/hb-verify-1790453050/security-reports/audit-20260924-030037.txt
 create mode 100644 cache/hb-verify-1790453050/security-reports/audit-20260925-030018.txt
 create mode 100644 cache/hb-verify-1790453050/security-reports/audit-20260926-030110.txt
 create mode 100644 cache/hb-verify-1790453050/security-reports/audit-20260927-030047.txt
 create mode 100644 cache/hb-verify-1790453050/sessions/request_dump_20260602_101726_eae56f7b_20260611_122252_700339.json
 create mode 100644 cache/hb-verify-1790453050/sessions/request_dump_20260602_101726_eae56f7b_20260611_122318_161308.json
 create mode 100644 cache/hb-verify-1790453050/sessions/request_dump_20260602_101726_eae56f7b_20260714_145556_265976.json
 create mode 100644 cache/hb-verify-1790453050/sessions/request_dump_20260602_101726_eae56f7b_20260723_144042_394328.json
 create mode 100644 cache/hb-verify-1790453050/sessions/request_dump_20260615_200120_e29c04_20260615_200227_938627.json
 create mode 100644 cache/hb-verify-1790453050/sessions/request_dump_20260706_144227_e750ed_20260706_145002_601088.json
 create mode 100644 cache/hb-verify-1790453050/sessions/request_dump_20260706_145003_1e1697_20260706_145048_224024.json
 create mode 100644 cache/hb-verify-1790453050/sessions/request_dump_cron_0dfb5be140ea_20260706_090016_20260706_090927_678385.json
 create mode 100644 cache/hb-verify-1790453050/sessions/request_dump_cron_0dfb5be140ea_20260720_090013_20260720_090923_717300.json
 create mode 100644 cache/hb-verify-1790453050/sessions/request_dump_cron_0dfb5be140ea_20260914_090001_20260914_090111_658075.json
 create mode 100644 cache/hb-verify-1790453050/sessions/request_dump_cron_0dfb5be140ea_20260921_090056_20260921_091343_662823.json
 create mode 100644 cache/hb-verify-1790453050/sessions/request_dump_cron_302a8db2bf0d_20260606_040013_20260606_040122_512654.json
 create mode 100644 cache/hb-verify-1790453050/sessions/request_dump_cron_302a8db2bf0d_20260607_040005_20260607_040113_361920.json
 create mode 100644 cache/hb-verify-1790453050/sessions/request_dump_cron_302a8db2bf0d_20260613_040007_20260613_040119_962639.json
 create mode 100644 cache/hb-verify-1790453050/sessions/request_dump_cron_302a8db2bf0d_20260616_040027_20260616_040135_037728.json
 create mode 100644 cache/hb-verify-1790453050/sessions/request_dump_cron_302a8db2bf0d_20260617_040043_20260617_040104_243837.json
 create mode 100644 cache/hb-verify-1790453050/sessions/request_dump_cron_302a8db2bf0d_20260730_040016_20260730_040140_293809.json
 create mode 100644 cache/hb-verify-1790453050/sessions/request_dump_cron_302a8db2bf0d_20260808_040057_20260808_040119_952246.json
 create mode 100644 cache/hb-verify-1790453050/sessions/request_dump_cron_302a8db2bf0d_20260809_040037_20260809_040100_234606.json
 create mode 100644 cache/hb-verify-1790453050/sessions/request_dump_cron_302a8db2bf0d_20260825_040031_20260825_040052_582390.json
 create mode 100644 cache/hb-verify-1790453050/sessions/request_dump_cron_302a8db2bf0d_20260908_094319_20260908_094342_186668.json
 create mode 100644 cache/hb-verify-1790453050/sessions/request_dump_cron_302a8db2bf0d_20260909_040023_20260909_040433_714976.json
 create mode 100644 cache/hb-verify-1790453050/sessions/request_dump_cron_7f2b940e2ec7_20260606_030050_20260606_030159_323719.json
 create mode 100644 cache/hb-verify-1790453050/sessions/request_dump_cron_7f2b940e2ec7_20260607_030042_20260607_030151_514782.json
 create mode 100644 cache/hb-verify-1790453050/sessions/request_dump_cron_7f2b940e2ec7_20260613_030046_20260613_030153_982521.json
 create mode 100644 cache/hb-verify-1790453050/sessions/request_dump_cron_7f2b940e2ec7_20260616_030006_20260616_030113_451379.json
 create mode 100644 cache/hb-verify-1790453050/sessions/request_dump_cron_7f2b940e2ec7_20260617_030005_20260617_030028_852639.json
 create mode 100644 cache/hb-verify-1790453050/sessions/request_dump_cron_7f2b940e2ec7_20260808_030048_20260808_030110_657328.json
 create mode 100644 cache/hb-verify-1790453050/sessions/request_dump_cron_7f2b940e2ec7_20260809_030028_20260809_030048_269375.json
 create mode 100644 cache/hb-verify-1790453050/sessions/request_dump_cron_7f2b940e2ec7_20260825_030023_20260825_030045_755177.json
 create mode 100644 cache/hb-verify-1790453050/sessions/request_dump_cron_7f2b940e2ec7_20260908_094320_20260908_094343_159008.json
 create mode 100644 cache/hb-verify-1790453050/sessions/request_dump_cron_8086dba17168_20260730_040016_20260730_040155_632795.json
 create mode 100644 cache/hb-verify-1790453050/sessions/request_dump_cron_8086dba17168_20260808_040057_20260808_040118_496508.json
 create mode 100644 cache/hb-verify-1790453050/sessions/request_dump_cron_8086dba17168_20260809_040037_20260809_040058_632405.json
 create mode 100644 cache/hb-verify-1790453050/sessions/request_dump_cron_8086dba17168_20260825_040031_20260825_040053_996105.json
 create mode 100644 cache/hb-verify-1790453050/sessions/request_dump_cron_8086dba17168_20260908_094319_20260908_094343_216628.json
 create mode 100644 cache/hb-verify-1790453050/sessions/request_dump_cron_8086dba17168_20260909_040023_20260909_040509_759055.json
 create mode 100644 cache/hb-verify-1790453050/sessions/request_dump_cron_b0dfa9945543_20260605_143058_20260605_143204_449701.json
 create mode 100644 cache/hb-verify-1790453050/sessions/request_dump_cron_b0dfa9945543_20260615_143009_20260615_143117_369733.json
 create mode 100644 cache/hb-verify-1790453050/sessions/request_dump_cron_b0dfa9945543_20260616_143005_20260616_143923_308990.json
 create mode 100644 cache/hb-verify-1790453050/sessions/request_dump_cron_b0dfa9945543_20260706_143003_20260706_145128_851203.json
 create mode 100644 cache/hb-verify-1790453050/sessions/request_dump_cron_b0dfa9945543_20260803_143058_20260803_143213_653443.json
 create mode 100644 cache/hb-verify-1790453050/sessions/request_dump_cron_b0dfa9945543_20260807_143053_20260807_143115_327698.json
 create mode 100644 cache/hb-verify-1790453050/sessions/request_dump_cron_c8e25d6e74a3_20260605_090000_20260605_090108_227445.json
 create mode 100644 cache/hb-verify-1790453050/sessions/request_dump_cron_c8e25d6e74a3_20260606_090002_20260606_090110_442106.json
 create mode 100644 cache/hb-verify-1790453050/sessions/request_dump_cron_c8e25d6e74a3_20260607_090052_20260607_090159_656080.json
 create mode 100644 cache/hb-verify-1790453050/sessions/request_dump_cron_c8e25d6e74a3_20260608_090024_20260608_090935_164270.json
 create mode 100644 cache/hb-verify-1790453050/sessions/request_dump_cron_c8e25d6e74a3_20260613_090057_20260613_090205_889764.json
 create mode 100644 cache/hb-verify-1790453050/sessions/request_dump_cron_c8e25d6e74a3_20260616_090016_20260616_090124_039124.json
 create mode 100644 cache/hb-verify-1790453050/sessions/request_dump_cron_c8e25d6e74a3_20260617_090044_20260617_090107_830484.json
 create mode 100644 cache/hb-verify-1790453050/sessions/request_dump_cron_c8e25d6e74a3_20260624_090021_20260624_090933_755445.json
 create mode 100644 cache/hb-verify-1790453050/sessions/request_dump_cron_c8e25d6e74a3_20260626_090048_20260626_091003_921864.json
 create mode 100644 cache/hb-verify-1790453050/sessions/request_dump_cron_c8e25d6e74a3_20260629_090046_20260629_091005_176919.json
 create mode 100644 cache/hb-verify-1790453050/sessions/request_dump_cron_c8e25d6e74a3_20260630_090035_20260630_090957_979232.json
 create mode 100644 cache/hb-verify-1790453050/sessions/request_dump_cron_c8e25d6e74a3_20260701_090008_20260701_090921_131123.json
 create mode 100644 cache/hb-verify-1790453050/sessions/request_dump_cron_c8e25d6e74a3_20260706_090016_20260706_090927_069115.json
 create mode 100644 cache/hb-verify-1790453050/sessions/request_dump_cron_c8e25d6e74a3_20260707_090047_20260707_090956_546208.json
 create mode 100644 cache/hb-verify-1790453050/sessions/request_dump_cron_c8e25d6e74a3_20260709_090057_20260709_091006_246323.json
 create mode 100644 cache/hb-verify-1790453050/sessions/request_dump_cron_c8e25d6e74a3_20260710_090043_20260710_090954_259343.json
 create mode 100644 cache/hb-verify-1790453050/sessions/request_dump_cron_c8e25d6e74a3_20260720_090013_20260720_090924_390333.json
 create mode 100644 cache/hb-verify-1790453050/sessions/request_dump_cron_c8e25d6e74a3_20260722_090034_20260722_090944_129291.json
 create mode 100644 cache/hb-verify-1790453050/sessions/sessions.json
 create mode 100644 cache/hb-verify-1790453050/shared-state.db
 create mode 100644 cache/hb-verify-1790453050/shared/nous_auth.lock
 create mode 100644 cache/hb-verify-1790453050/skills/.archive/architecture-diagram/SKILL.md
 create mode 100644 cache/hb-verify-1790453050/skills/.archive/architecture-diagram/templates/template.html
 create mode 100644 cache/hb-verify-1790453050/skills/.archive/arxiv/SKILL.md
 create mode 100644 cache/hb-verify-1790453050/skills/.archive/arxiv/scripts/search_arxiv.py
 create mode 100644 cache/hb-verify-1790453050/skills/.archive/ascii-video/README.md
 create mode 100644 cache/hb-verify-1790453050/skills/.archive/ascii-video/SKILL.md
 create mode 100644 cache/hb-verify-1790453050/skills/.archive/ascii-video/references/architecture.md
 create mode 100644 cache/hb-verify-1790453050/skills/.archive/ascii-video/references/composition.md
 create mode 100644 cache/hb-verify-1790453050/skills/.archive/ascii-video/references/effects.md
 create mode 100644 cache/hb-verify-1790453050/skills/.archive/ascii-video/references/inputs.md
 create mode 100644 cache/hb-verify-1790453050/skills/.archive/ascii-video/references/optimization.md
 create mode 100644 cache/hb-verify-1790453050/skills/.archive/ascii-video/references/scenes.md
 create mode 100644 cache/hb-verify-1790453050/skills/.archive/ascii-video/references/shaders.md
 create mode 100644 cache/hb-verify-1790453050/skills/.archive/ascii-video/references/troubleshooting.md
 create mode 100644 cache/hb-verify-1790453050/skills/.archive/baoyu-infographic/PORT_NOTES.md
 create mode 100644 cache/hb-verify-1790453050/skills/.archive/baoyu-infographic/SKILL.md
 create mode 100644 cache/hb-verify-1790453050/skills/.archive/baoyu-infographic/references/analysis-framework.md
 create mode 100644 cache/hb-verify-1790453050/skills/.archive/baoyu-infographic/references/base-prompt.md
 create mode 100644 cache/hb-verify-1790453050/skills/.archive/baoyu-infographic/references/layouts/bento-grid.md
 create mode 100644 cache/hb-verify-1790453050/skills/.archive/baoyu-infographic/references/layouts/binary-comparison.md
 create mode 100644 cache/hb-verify-1790453050/skills/.archive/baoyu-infographic/references/layouts/bridge.md
 create mode 100644 cache/hb-verify-1790453050/skills/.archive/baoyu-infographic/references/layouts/circular-flow.md
 create mode 100644 cache/hb-verify-1790453050/skills/.archive/baoyu-infographic/references/layouts/comic-strip.md
 create mode 100644 cache/hb-verify-1790453050/skills/.archive/baoyu-infographic/references/layouts/comparison-matrix.md
 create mode 100644 cache/hb-verify-1790453050/skills/.archive/baoyu-infographic/references/layouts/dashboard.md
 create mode 100644 cache/hb-verify-1790453050/skills/.archive/baoyu-infographic/references/layouts/dense-modules.md
 create mode 100644 cache/hb-verify-1790453050/skills/.archive/baoyu-infographic/references/layouts/funnel.md
 create mode 100644 cache/hb-verify-1790453050/skills/.archive/baoyu-infographic/references/layouts/hierarchical-layers.md
 create mode 100644 cache/hb-verify-1790453050/skills/.archive/baoyu-infographic/references/layouts/hub-spoke.md
 create mode 100644 cache/hb-verify-1790453050/skills/.archive/baoyu-infographic/references/layouts/iceberg.md
 create mode 100644 cache/hb-verify-1790453050/skills/.archive/baoyu-infographic/references/layouts/isometric-map.md
 create mode 100644 cache/hb-verify-1790453050/skills/.archive/baoyu-infographic/references/layouts/jigsaw.md
 create mode 100644 cache/hb-verify-1790453050/skills/.archive/baoyu-infographic/references/layouts/linear-progression.md
 create mode 100644 cache/hb-verify-1790453050/skills/.archive/baoyu-infographic/references/layouts/periodic-table.md
 create mode 100644 cache/hb-verify-1790453050/skills/.archive/baoyu-infographic/references/layouts/story-mountain.md
 create mode 100644 cache/hb-verify-1790453050/skills/.archive/baoyu-infographic/references/layouts/structural-breakdown.md
 create mode 100644 cache/hb-verify-1790453050/skills/.archive/baoyu-infographic/references/layouts/tree-branching.md
 create mode 100644 cache/hb-verify-1790453050/skills/.archive/baoyu-infographic/references/layouts/venn-diagram.md
 create mode 100644 cache/hb-verify-1790453050/skills/.archive/baoyu-infographic/references/layouts/winding-roadmap.md
 create mode 100644 cache/hb-verify-1790453050/skills/.archive/baoyu-infographic/references/structured-content-template.md
 create mode 100644 cache/hb-verify-1790453050/skills/.archive/baoyu-infographic/references/styles/aged-academia.md
 create mode 100644 cache/hb-verify-1790453050/skills/.archive/baoyu-infographic/references/styles/bold-graphic.md
 create mode 100644 cache/hb-verify-1790453050/skills/.archive/baoyu-infographic/references/styles/chalkboard.md
 create mode 100644 cache/hb-verify-1790453050/skills/.archive/baoyu-infographic/references/styles/claymation.md
 create mode 100644 cache/hb-verify-1790453050/skills/.archive/baoyu-infographic/references/styles/corporate-memphis.md
 create mode 100644 cache/hb-verify-1790453050/skills/.archive/baoyu-infographic/references/styles/craft-handmade.md
 create mode 100644 cache/hb-verify-1790453050/skills/.archive/baoyu-infographic/references/styles/cyberpunk-neon.md
 create mode 100644 cache/hb-verify-1790453050/skills/.archive/baoyu-infographic/references/styles/hand-drawn-edu.md
 create mode 100644 cache/hb-verify-1790453050/skills/.archive/baoyu-infographic/references/styles/ikea-manual.md
 create mode 100644 cache/hb-verify-1790453050/skills/.archive/baoyu-infographic/references/styles/kawaii.md
 create mode 100644 cache/hb-verify-1790453050/skills/.archive/baoyu-infographic/references/styles/knolling.md
 create mode 100644 cache/hb-verify-1790453050/skills/.archive/baoyu-infographic/references/styles/lego-brick.md
 create mode 100644 cache/hb-verify-1790453050/skills/.archive/baoyu-infographic/references/styles/morandi-journal.md
 create mode 100644 cache/hb-verify-1790453050/skills/.archive/baoyu-infographic/references/styles/origami.md
 create mode 100644 cache/hb-verify-1790453050/skills/.archive/baoyu-infographic/references/styles/pixel-art.md
 create mode 100644 cache/hb-verify-1790453050/skills/.archive/baoyu-infographic/references/styles/pop-laboratory.md
 create mode 100644 cache/hb-verify-1790453050/skills/.archive/baoyu-infographic/references/styles/retro-pop-grid.md
 create mode 100644 cache/hb-verify-1790453050/skills/.archive/baoyu-infographic/references/styles/storybook-watercolor.md
 create mode 100644 cache/hb-verify-1790453050/skills/.archive/baoyu-infographic/references/styles/subway-map.md
 create mode 100644 cache/hb-verify-1790453050/skills/.archive/baoyu-infographic/references/styles/technical-schematic.md
 create mode 100644 cache/hb-verify-1790453050/skills/.archive/baoyu-infographic/references/styles/ui-wireframe.md
 create mode 100644 cache/hb-verify-1790453050/skills/.archive/blocked-page-recovery/SKILL.md
 create mode 100644 cache/hb-verify-1790453050/skills/.archive/blocked-page-recovery/scripts/recover_page.py
 create mode 100644 cache/hb-verify-1790453050/skills/.archive/box/SKILL.md
 create mode 100644 cache/hb-verify-1790453050/skills/.archive/box/references/bulk-operations.md
 create mode 100644 cache/hb-verify-1790453050/skills/.archive/box/references/cli-guide.md
 create mode 100644 cache/hb-verify-1790453050/skills/.archive/box/references/content-workflows.md
 create mode 100644 cache/hb-verify-1790453050/skills/.archive/box/references/hubs.md
 create mode 100644 cache/hb-verify-1790453050/skills/.archive/box/references/oauth-setup.md
 create mode 100644 cache/hb-verify-1790453050/skills/.archive/box/references/rest-api.md
 create mode 100644 cache/hb-verify-1790453050/skills/.archive/box/references/sdk-development.md
 create mode 100644 cache/hb-verify-1790453050/skills/.archive/box/references/search-and-ai.md
 create mode 100644 cache/hb-verify-1790453050/skills/.archive/box/references/troubleshooting.md
 create mode 100644 cache/hb-verify-1790453050/skills/.archive/box/references/webhooks-and-events.md
 create mode 100644 cache/hb-verify-1790453050/skills/.archive/case-prep-notion/SKILL.md
 create mode 100644 cache/hb-verify-1790453050/skills/.archive/claude-design/SKILL.md
 create mode 100644 cache/hb-verify-1790453050/skills/.archive/claude-design/references/design-md-tokens.md
 create mode 100644 cache/hb-verify-1790453050/skills/.archive/claude-design/templates/design-md-starter.md
 create mode 100644 cache/hb-verify-1790453050/skills/.archive/cn-research-report/SKILL.md
 create mode 100644 cache/hb-verify-1790453050/skills/.archive/competitor-news-monitor/SKILL.md
 create mode 100644 cache/hb-verify-1790453050/skills/.archive/computer-use/SKILL.md
 create mode 100644 cache/hb-verify-1790453050/skills/.archive/consulting-case-prep/SKILL.md
 create mode 100644 cache/hb-verify-1790453050/skills/.archive/consulting-case-prep/references/peterk-casebook.md
 create mode 100644 cache/hb-verify-1790453050/skills/.archive/consulting-case-prep/scripts/notion_helper.py
 create mode 100644 cache/hb-verify-1790453050/skills/.archive/document-to-action-items/SKILL.md
 create mode 100644 cache/hb-verify-1790453050/skills/.archive/docx/SKILL.md
 create mode 100644 cache/hb-verify-1790453050/skills/.archive/dogfood/SKILL.md
 create mode 100644 cache/hb-verify-1790453050/skills/.archive/dogfood/references/issue-taxonomy.md
 create mode 100644 cache/hb-verify-1790453050/skills/.archive/dogfood/templates/dogfood-report-template.md
 create mode 100644 cache/hb-verify-1790453050/skills/.archive/email-inbox-triage/SKILL.md
 create mode 100644 cache/hb-verify-1790453050/skills/.archive/grounded-citations/SKILL.md
 create mode 100644 cache/hb-verify-1790453050/skills/.archive/grounded-citations/references/citation-formats.md
 create mode 100644 cache/hb-verify-1790453050/skills/.archive/grounded-citations/references/grounding-rationale.md
 create mode 100644 cache/hb-verify-1790453050/skills/.archive/grounded-citations/scripts/_hermes_home.py
 create mode 100644 cache/hb-verify-1790453050/skills/.archive/grounded-citations/scripts/sources.py
 create mode 100644 cache/hb-verify-1790453050/skills/.archive/himalaya/SKILL.md
 create mode 100644 cache/hb-verify-1790453050/skills/.archive/himalaya/references/configuration.md
 create mode 100644 cache/hb-verify-1790453050/skills/.archive/himalaya/references/message-composition.md
 create mode 100644 cache/hb-verify-1790453050/skills/.archive/humanizer/LICENSE
 create mode 100644 cache/hb-verify-1790453050/skills/.archive/humanizer/SKILL.md
 create mode 100644 cache/hb-verify-1790453050/skills/.archive/inspecting-hermes-desktop-dom/SKILL.md
 create mode 100644 cache/hb-verify-1790453050/skills/.archive/llm-wiki/SKILL.md
 create mode 100644 cache/hb-verify-1790453050/skills/.archive/manim-video/README.md
 create mode 100644 cache/hb-verify-1790453050/skills/.archive/manim-video/SKILL.md
 create mode 100644 cache/hb-verify-1790453050/skills/.archive/manim-video/references/animation-design-thinking.md
 create mode 100644 cache/hb-verify-1790453050/skills/.archive/manim-video/references/animations.md
 create mode 100644 cache/hb-verify-1790453050/skills/.archive/manim-video/references/camera-and-3d.md
 create mode 100644 cache/hb-verify-1790453050/skills/.archive/manim-video/references/decorations.md
 create mode 100644 cache/hb-verify-1790453050/skills/.archive/manim-video/references/equations.md
 create mode 100644 cache/hb-verify-1790453050/skills/.archive/manim-video/references/graphs-and-data.md
 create mode 100644 cache/hb-verify-1790453050/skills/.archive/manim-video/references/mobjects.md
 create mode 100644 cache/hb-verify-1790453050/skills/.archive/manim-video/references/paper-explainer.md
 create mode 100644 cache/hb-verify-1790453050/skills/.archive/manim-video/references/production-quality.md
 create mode 100644 cache/hb-verify-1790453050/skills/.archive/manim-video/references/rendering.md
 create mode 100644 cache/hb-verify-1790453050/skills/.archive/manim-video/references/scene-planning.md
 create mode 100644 cache/hb-verify-1790453050/skills/.archive/manim-video/references/troubleshooting.md
 create mode 100644 cache/hb-verify-1790453050/skills/.archive/manim-video/references/updaters-and-trackers.md
 create mode 100644 cache/hb-verify-1790453050/skills/.archive/manim-video/references/visual-design.md
 create mode 100755 cache/hb-verify-1790453050/skills/.archive/manim-video/scripts/setup.sh
 create mode 100644 cache/hb-verify-1790453050/skills/.archive/maps/SKILL.md
 create mode 100644 cache/hb-verify-1790453050/skills/.archive/maps/scripts/maps_client.py
 create mode 100644 cache/hb-verify-1790453050/skills/.archive/meeting-action-items/SKILL.md
 create mode 100644 cache/hb-verify-1790453050/skills/.archive/meeting-minutes/SKILL.md
 create mode 100644 cache/hb-verify-1790453050/skills/.archive/meeting-minutes/templates/minutes.js
 create mode 100644 cache/hb-verify-1790453050/skills/.archive/meeting-minutes/templates/qa-meeting-minutes.js
 create mode 100644 cache/hb-verify-1790453050/skills/.archive/mlops/evaluation/lm-evaluation-harness/SKILL.md
 create mode 100644 cache/hb-verify-1790453050/skills/.archive/mlops/evaluation/lm-evaluation-harness/references/api-evaluation.md
 create mode 100644 cache/hb-verify-1790453050/skills/.archive/mlops/evaluation/lm-evaluation-harness/references/benchmark-guide.md
 create mode 100644 cache/hb-verify-1790453050/skills/.archive/mlops/evaluation/lm-evaluation-harness/references/custom-tasks.md
 create mode 100644 cache/hb-verify-1790453050/skills/.archive/mlops/evaluation/lm-evaluation-harness/references/distributed-eval.md
 create mode 100644 cache/hb-verify-1790453050/skills/.archive/mlops/inference/vllm/SKILL.md
 create mode 100644 cache/hb-verify-1790453050/skills/.archive/mlops/inference/vllm/references/optimization.md
 create mode 100644 cache/hb-verify-1790453050/skills/.archive/mlops/inference/vllm/references/quantization.md
 create mode 100644 cache/hb-verify-1790453050/skills/.archive/mlops/inference/vllm/references/server-deployment.md
 create mode 100644 cache/hb-verify-1790453050/skills/.archive/mlops/inference/vllm/references/troubleshooting.md
 create mode 100644 cache/hb-verify-1790453050/skills/.archive/mlops/models/audiocraft/SKILL.md
 create mode 100644 cache/hb-verify-1790453050/skills/.archive/mlops/models/audiocraft/references/advanced-usage.md
 create mode 100644 cache/hb-verify-1790453050/skills/.archive/mlops/models/audiocraft/references/troubleshooting.md
 create mode 100644 cache/hb-verify-1790453050/skills/.archive/mlops/models/segment-anything/SKILL.md
 create mode 100644 cache/hb-verify-1790453050/skills/.archive/mlops/models/segment-anything/references/advanced-usage.md
 create mode 100644 cache/hb-verify-1790453050/skills/.archive/mlops/models/segment-anything/references/troubleshooting.md
 create mode 100644 cache/hb-verify-1790453050/skills/.archive/notion/SKILL.md
 create mode 100644 cache/hb-verify-1790453050/skills/.archive/notion/references/block-types.md
 create mode 100644 cache/hb-verify-1790453050/skills/.archive/p5js/README.md
 create mode 100644 cache/hb-verify-1790453050/skills/.archive/p5js/SKILL.md
 create mode 100644 cache/hb-verify-1790453050/skills/.archive/p5js/references/animation.md
 create mode 100644 cache/hb-verify-1790453050/skills/.archive/p5js/references/color-systems.md
 create mode 100644 cache/hb-verify-1790453050/skills/.archive/p5js/references/core-api.md
 create mode 100644 cache/hb-verify-1790453050/skills/.archive/p5js/references/export-pipeline.md
 create mode 100644 cache/hb-verify-1790453050/skills/.archive/p5js/references/interaction.md
 create mode 100644 cache/hb-verify-1790453050/skills/.archive/p5js/references/shapes-and-geometry.md
 create mode 100644 cache/hb-verify-1790453050/skills/.archive/p5js/references/troubleshooting.md
 create mode 100644 cache/hb-verify-1790453050/skills/.archive/p5js/references/typography.md
 create mode 100644 cache/hb-verify-1790453050/skills/.archive/p5js/references/visual-effects.md
 create mode 100644 cache/hb-verify-1790453050/skills/.archive/p5js/references/webgl-and-3d.md
 create mode 100755 cache/hb-verify-1790453050/skills/.archive/p5js/scripts/export-frames.js
 create mode 100755 cache/hb-verify-1790453050/skills/.archive/p5js/scripts/render.sh
 create mode 100755 cache/hb-verify-1790453050/skills/.archive/p5js/scripts/serve.sh
 create mode 100755 cache/hb-verify-1790453050/skills/.archive/p5js/scripts/setup.sh
 create mode 100644 cache/hb-verify-1790453050/skills/.archive/p5js/templates/viewer.html
 create mode 100644 cache/hb-verify-1790453050/skills/.archive/popular-web-designs/SKILL.md
 create mode 100644 cache/hb-verify-1790453050/skills/.archive/popular-web-designs/templates/airbnb.md
 create mode 100644 cache/hb-verify-1790453050/skills/.archive/popular-web-designs/templates/airtable.md
 create mode 100644 cache/hb-verify-1790453050/skills/.archive/popular-web-designs/templates/apple.md
 create mode 100644 cache/hb-verify-1790453050/skills/.archive/popular-web-designs/templates/bmw.md
 create mode 100644 cache/hb-verify-1790453050/skills/.archive/popular-web-designs/templates/cal.md
 create mode 100644 cache/hb-verify-1790453050/skills/.archive/popular-web-designs/templates/claude.md
 create mode 100644 cache/hb-verify-1790453050/skills/.archive/popular-web-designs/templates/clay.md
 create mode 100644 cache/hb-verify-1790453050/skills/.archive/popular-web-designs/templates/clickhouse.md
 create mode 100644 cache/hb-verify-1790453050/skills/.archive/popular-web-designs/templates/cohere.md
 create mode 100644 cache/hb-verify-1790453050/skills/.archive/popular-web-designs/templates/coinbase.md
 create mode 100644 cache/hb-verify-1790453050/skills/.archive/popular-web-designs/templates/composio.md
 create mode 100644 cache/hb-verify-1790453050/skills/.archive/popular-web-designs/templates/cursor.md
 create mode 100644 cache/hb-verify-1790453050/skills/.archive/popular-web-designs/templates/elevenlabs.md
 create mode 100644 cache/hb-verify-1790453050/skills/.archive/popular-web-designs/templates/expo.md
 create mode 100644 cache/hb-verify-1790453050/skills/.archive/popular-web-designs/templates/figma.md
 create mode 100644 cache/hb-verify-1790453050/skills/.archive/popular-web-designs/templates/framer.md
 create mode 100644 cache/hb-verify-1790453050/skills/.archive/popular-web-designs/templates/hashicorp.md
 create mode 100644 cache/hb-verify-1790453050/skills/.archive/popular-web-designs/templates/ibm.md
 create mode 100644 cache/hb-verify-1790453050/skills/.archive/popular-web-designs/templates/intercom.md
 create mode 100644 cache/hb-verify-1790453050/skills/.archive/popular-web-designs/templates/kraken.md
 create mode 100644 cache/hb-verify-1790453050/skills/.archive/popular-web-designs/templates/linear.app.md
 create mode 100644 cache/hb-verify-1790453050/skills/.archive/popular-web-designs/templates/lovable.md
 create mode 100644 cache/hb-verify-1790453050/skills/.archive/popular-web-designs/templates/minimax.md
 create mode 100644 cache/hb-verify-1790453050/skills/.archive/popular-web-designs/templates/mintlify.md
 create mode 100644 cache/hb-verify-1790453050/skills/.archive/popular-web-designs/templates/miro.md
 create mode 100644 cache/hb-verify-1790453050/skills/.archive/popular-web-designs/templates/mistral.ai.md
 create mode 100644 cache/hb-verify-1790453050/skills/.archive/popular-web-designs/templates/mongodb.md
 create mode 100644 cache/hb-verify-1790453050/skills/.archive/popular-web-designs/templates/notion.md
 create mode 100644 cache/hb-verify-1790453050/skills/.archive/popular-web-designs/templates/nvidia.md
 create mode 100644 cache/hb-verify-1790453050/skills/.archive/popular-web-designs/templates/ollama.md
 create mode 100644 cache/hb-verify-1790453050/skills/.archive/popular-web-designs/templates/opencode.ai.md
 create mode 100644 cache/hb-verify-1790453050/skills/.archive/popular-web-designs/templates/pinterest.md
 create mode 100644 cache/hb-verify-1790453050/skills/.archive/popular-web-designs/templates/posthog.md
 create mode 100644 cache/hb-verify-1790453050/skills/.archive/popular-web-designs/templates/raycast.md
 create mode 100644 cache/hb-verify-1790453050/skills/.archive/popular-web-designs/templates/replicate.md
 create mode 100644 cache/hb-verify-1790453050/skills/.archive/popular-web-designs/templates/resend.md
 create mode 100644 cache/hb-verify-1790453050/skills/.archive/popular-web-designs/templates/revolut.md
 create mode 100644 cache/hb-verify-1790453050/skills/.archive/popular-web-designs/templates/runwayml.md
 create mode 100644 cache/hb-verify-1790453050/skills/.archive/popular-web-designs/templates/sanity.md
 create mode 100644 cache/hb-verify-1790453050/skills/.archive/popular-web-designs/templates/sentry.md
 create mode 100644 cache/hb-verify-1790453050/skills/.archive/popular-web-designs/templates/spacex.md
 create mode 100644 cache/hb-verify-1790453050/skills/.archive/popular-web-designs/templates/spotify.md
 create mode 100644 cache/hb-verify-1790453050/skills/.archive/popular-web-designs/templates/stripe.md
 create mode 100644 cache/hb-verify-1790453050/skills/.archive/popular-web-designs/templates/supabase.md
 create mode 100644 cache/hb-verify-1790453050/skills/.archive/popular-web-designs/templates/superhuman.md
 create mode 100644 cache/hb-verify-1790453050/skills/.archive/popular-web-designs/templates/together.ai.md
 create mode 100644 cache/hb-verify-1790453050/skills/.archive/popular-web-designs/templates/uber.md
 create mode 100644 cache/hb-verify-1790453050/skills/.archive/popular-web-designs/templates/vercel.md
 create mode 100644 cache/hb-verify-1790453050/skills/.archive/popular-web-designs/templates/voltagent.md
 create mode 100644 cache/hb-verify-1790453050/skills/.archive/popular-web-designs/templates/warp.md
 create mode 100644 cache/hb-verify-1790453050/skills/.archive/popular-web-designs/templates/webflow.md
 create mode 100644 cache/hb-verify-1790453050/skills/.archive/popular-web-designs/templates/wise.md
 create mode 100644 cache/hb-verify-1790453050/skills/.archive/popular-web-designs/templates/x.ai.md
 create mode 100644 cache/hb-verify-1790453050/skills/.archive/popular-web-designs/templates/zapier.md
 create mode 100644 cache/hb-verify-1790453050/skills/.archive/powerpoint/LICENSE.txt
 create mode 100644 cache/hb-verify-1790453050/skills/.archive/powerpoint/SKILL.md
 create mode 100644 cache/hb-verify-1790453050/skills/.archive/powerpoint/editing.md
 create mode 100644 cache/hb-verify-1790453050/skills/.archive/powerpoint/pptxgenjs.md
 create mode 100644 cache/hb-verify-1790453050/skills/.archive/powerpoint/references/case-interview-session-notes-template.md
 create mode 100644 cache/hb-verify-1790453050/skills/.archive/powerpoint/references/consulting-research-patterns.md
 create mode 100644 cache/hb-verify-1790453050/skills/.archive/powerpoint/scripts/__init__.py
 create mode 100644 cache/hb-verify-1790453050/skills/.archive/powerpoint/scripts/add_slide.py
 create mode 100644 cache/hb-verify-1790453050/skills/.archive/powerpoint/scripts/clean.py
 create mode 100644 cache/hb-verify-1790453050/skills/.archive/powerpoint/scripts/office/helpers/__init__.py
 create mode 100644 cache/hb-verify-1790453050/skills/.archive/powerpoint/scripts/office/helpers/merge_runs.py
 create mode 100644 cache/hb-verify-1790453050/skills/.archive/powerpoint/scripts/office/helpers/simplify_redlines.py
 create mode 100644 cache/hb-verify-1790453050/skills/.archive/powerpoint/scripts/office/pack.py
 create mode 100644 cache/hb-verify-1790453050/skills/.archive/powerpoint/scripts/office/schemas/ISO-IEC29500-4_2016/dml-chart.xsd
 create mode 100644 cache/hb-verify-1790453050/skills/.archive/powerpoint/scripts/office/schemas/ISO-IEC29500-4_2016/dml-chartDrawing.xsd
 create mode 100644 cache/hb-verify-1790453050/skills/.archive/powerpoint/scripts/office/schemas/ISO-IEC29500-4_2016/dml-diagram.xsd
 create mode 100644 cache/hb-verify-1790453050/skills/.archive/powerpoint/scripts/office/schemas/ISO-IEC29500-4_2016/dml-lockedCanvas.xsd
 create mode 100644 cache/hb-verify-1790453050/skills/.archive/powerpoint/scripts/office/schemas/ISO-IEC29500-4_2016/dml-main.xsd
 create mode 100644 cache/hb-verify-1790453050/skills/.archive/powerpoint/scripts/office/schemas/ISO-IEC29500-4_2016/dml-picture.xsd
 create mode 100644 cache/hb-verify-1790453050/skills/.archive/powerpoint/scripts/office/schemas/ISO-IEC29500-4_2016/dml-spreadsheetDrawing.xsd
 create mode 100644 cache/hb-verify-1790453050/skills/.archive/powerpoint/scripts/office/schemas/ISO-IEC29500-4_2016/dml-wordprocessingDrawing.xsd
 create mode 100644 cache/hb-verify-1790453050/skills/.archive/powerpoint/scripts/office/schemas/ISO-IEC29500-4_2016/pml.xsd
 create mode 100644 cache/hb-verify-1790453050/skills/.archive/powerpoint/scripts/office/schemas/ISO-IEC29500-4_2016/shared-additionalCharacteristics.xsd
 create mode 100644 cache/hb-verify-1790453050/skills/.archive/powerpoint/scripts/office/schemas/ISO-IEC29500-4_2016/shared-bibliography.xsd
 create mode 100644 cache/hb-verify-1790453050/skills/.archive/powerpoint/scripts/office/schemas/ISO-IEC29500-4_2016/shared-commonSimpleTypes.xsd
 create mode 100644 cache/hb-verify-1790453050/skills/.archive/powerpoint/scripts/office/schemas/ISO-IEC29500-4_2016/shared-customXmlDataProperties.xsd
 create mode 100644 cache/hb-verify-1790453050/skills/.archive/powerpoint/scripts/office/schemas/ISO-IEC29500-4_2016/shared-customXmlSchemaProperties.xsd
 create mode 100644 cache/hb-verify-1790453050/skills/.archive/powerpoint/scripts/office/schemas/ISO-IEC29500-4_2016/shared-documentPropertiesCustom.xsd
 create mode 100644 cache/hb-verify-1790453050/skills/.archive/powerpoint/scripts/office/schemas/ISO-IEC29500-4_2016/shared-documentPropertiesExtended.xsd
 create mode 100644 cache/hb-verify-1790453050/skills/.archive/powerpoint/scripts/office/schemas/ISO-IEC29500-4_2016/shared-documentPropertiesVariantTypes.xsd
 create mode 100644 cache/hb-verify-1790453050/skills/.archive/powerpoint/scripts/office/schemas/ISO-IEC29500-4_2016/shared-math.xsd
 create mode 100644 cache/hb-verify-1790453050/skills/.archive/powerpoint/scripts/office/schemas/ISO-IEC29500-4_2016/shared-relationshipReference.xsd
 create mode 100644 cache/hb-verify-1790453050/skills/.archive/powerpoint/scripts/office/schemas/ISO-IEC29500-4_2016/sml.xsd
 create mode 100644 cache/hb-verify-1790453050/skills/.archive/powerpoint/scripts/office/schemas/ISO-IEC29500-4_2016/vml-main.xsd
 create mode 100644 cache/hb-verify-1790453050/skills/.archive/powerpoint/scripts/office/schemas/ISO-IEC29500-4_2016/vml-officeDrawing.xsd
 create mode 100644 cache/hb-verify-1790453050/skills/.archive/powerpoint/scripts/office/schemas/ISO-IEC29500-4_2016/vml-presentationDrawing.xsd
 create mode 100644 cache/hb-verify-1790453050/skills/.archive/powerpoint/scripts/office/schemas/ISO-IEC29500-4_2016/vml-spreadsheetDrawing.xsd
 create mode 100644 cache/hb-verify-1790453050/skills/.archive/powerpoint/scripts/office/schemas/ISO-IEC29500-4_2016/vml-wordprocessingDrawing.xsd
 create mode 100644 cache/hb-verify-1790453050/skills/.archive/powerpoint/scripts/office/schemas/ISO-IEC29500-4_2016/wml.xsd
 create mode 100644 cache/hb-verify-1790453050/skills/.archive/powerpoint/scripts/office/schemas/ISO-IEC29500-4_2016/xml.xsd
 create mode 100644 cache/hb-verify-1790453050/skills/.archive/powerpoint/scripts/office/schemas/ecma/fourth-edition/opc-contentTypes.xsd
 create mode 100644 cache/hb-verify-1790453050/skills/.archive/powerpoint/scripts/office/schemas/ecma/fourth-edition/opc-coreProperties.xsd
 create mode 100644 cache/hb-verify-1790453050/skills/.archive/powerpoint/scripts/office/schemas/ecma/fourth-edition/opc-digSig.xsd
 create mode 100644 cache/hb-verify-1790453050/skills/.archive/powerpoint/scripts/office/schemas/ecma/fourth-edition/opc-relationships.xsd
 create mode 100644 cache/hb-verify-1790453050/skills/.archive/powerpoint/scripts/office/schemas/mce/mc.xsd
 create mode 100644 cache/hb-verify-1790453050/skills/.archive/powerpoint/scripts/office/schemas/microsoft/wml-2010.xsd
 create mode 100644 cache/hb-verify-1790453050/skills/.archive/powerpoint/scripts/office/schemas/microsoft/wml-2012.xsd
 create mode 100644 cache/hb-verify-1790453050/skills/.archive/powerpoint/scripts/office/schemas/microsoft/wml-2018.xsd
 create mode 100644 cache/hb-verify-1790453050/skills/.archive/powerpoint/scripts/office/schemas/microsoft/wml-cex-2018.xsd
 create mode 100644 cache/hb-verify-1790453050/skills/.archive/powerpoint/scripts/office/schemas/microsoft/wml-cid-2016.xsd
 create mode 100644 cache/hb-verify-1790453050/skills/.archive/powerpoint/scripts/office/schemas/microsoft/wml-sdtdatahash-2020.xsd
 create mode 100644 cache/hb-verify-1790453050/skills/.archive/powerpoint/scripts/office/schemas/microsoft/wml-symex-2015.xsd
 create mode 100644 cache/hb-verify-1790453050/skills/.archive/product-price-monitor/SKILL.md
 create mode 100644 cache/hb-verify-1790453050/skills/.archive/requesting-code-review/SKILL.md
 create mode 100644 cache/hb-verify-1790453050/skills/.archive/sdlc-review/SKILL.md
 create mode 100644 cache/hb-verify-1790453050/skills/.archive/simplify-code/SKILL.md
 create mode 100644 cache/hb-verify-1790453050/skills/.archive/songwriting-and-ai-music/SKILL.md
 create mode 100644 cache/hb-verify-1790453050/skills/.archive/songwriting-and-ai-music/references/heartmula-local-generation.md
 create mode 100644 cache/hb-verify-1790453050/skills/.archive/spike/SKILL.md
 create mode 100644 cache/hb-verify-1790453050/skills/.archive/stock-research-report/SKILL.md
 create mode 100644 cache/hb-verify-1790453050/skills/.archive/systematic-debugging/SKILL.md
 create mode 100644 cache/hb-verify-1790453050/skills/.archive/systematic-debugging/references/hermes-tui-commands.md
 create mode 100644 cache/hb-verify-1790453050/skills/.archive/systematic-debugging/references/node-debugging.md
 create mode 100644 cache/hb-verify-1790453050/skills/.archive/systematic-debugging/references/python-debugging.md
 create mode 100644 cache/hb-verify-1790453050/skills/.archive/test-driven-development/SKILL.md
 create mode 100644 cache/hb-verify-1790453050/skills/.archive/weekly-review-planning/SKILL.md
 create mode 100644 cache/hb-verify-1790453050/skills/.archive/xlsx/LICENSE
 create mode 100644 cache/hb-verify-1790453050/skills/.archive/xlsx/SKILL.md
 create mode 100644 cache/hb-verify-1790453050/skills/.archive/xlsx/references/restructuring.md
 create mode 100644 cache/hb-verify-1790453050/skills/.archive/xlsx/scripts/csv_to_xlsx.py
 create mode 100644 cache/hb-verify-1790453050/skills/.archive/xlsx/scripts/xlsx_create.py
 create mode 100644 cache/hb-verify-1790453050/skills/.archive/xlsx/scripts/xlsx_edit.py
 create mode 100644 cache/hb-verify-1790453050/skills/.archive/xlsx/scripts/xlsx_read.py
 create mode 100644 cache/hb-verify-1790453050/skills/.archive/xlsx/scripts/xlsx_recalc.py
 create mode 100644 cache/hb-verify-1790453050/skills/.archive/xlsx/scripts/xlsx_restructure.py
 create mode 100644 cache/hb-verify-1790453050/skills/.archive/xlsx/scripts/xlsx_to_csv.py
 create mode 100644 cache/hb-verify-1790453050/skills/.archive/xlsx/tests/test_xlsx_skill.py
 create mode 100644 cache/hb-verify-1790453050/skills/.archive/xurl/SKILL.md
 create mode 100644 cache/hb-verify-1790453050/skills/.archive/youtube-content/SKILL.md
 create mode 100644 cache/hb-verify-1790453050/skills/.archive/youtube-content/references/output-formats.md
 create mode 100644 cache/hb-verify-1790453050/skills/.archive/youtube-content/scripts/fetch_transcript.py
 create mode 100644 cache/hb-verify-1790453050/skills/.bundled_manifest
 create mode 100644 cache/hb-verify-1790453050/skills/.curator_ledger.jsonl
 create mode 100644 cache/hb-verify-1790453050/skills/.curator_state
 create mode 100644 cache/hb-verify-1790453050/skills/.curator_suppressed
 create mode 100644 cache/hb-verify-1790453050/skills/.hub/.ignore
 create mode 100644 cache/hb-verify-1790453050/skills/.hub/audit.log
 create mode 100644 cache/hb-verify-1790453050/skills/.hub/index-cache/claude_marketplace_anthropics_skills.json
 create mode 100644 cache/hb-verify-1790453050/skills/.hub/index-cache/lobehub_index.json
 create mode 100644 cache/hb-verify-1790453050/skills/.hub/index-cache/openai_skills_skills_.curated_.json
 create mode 100644 cache/hb-verify-1790453050/skills/.hub/index-cache/skills_sh_search_03485c9f544f414a75c92dfe734b9b9e.json
 create mode 100644 cache/hb-verify-1790453050/skills/.hub/index-cache/skills_sh_search_2c0cde63bbdf81c6bac860119a79438e.json
 create mode 100644 cache/hb-verify-1790453050/skills/.hub/index-cache/skills_sh_search_62a1b5e6cea752c8291e8c3af14962f1.json
 create mode 100644 cache/hb-verify-1790453050/skills/.hub/index-cache/skills_sh_search_98cee15b51b5b506c1e17414a26dc80c.json
 create mode 100644 cache/hb-verify-1790453050/skills/.hub/index-cache/skills_sh_search_c391d6765fc0132b11b8cd0e9e02ce00.json
 create mode 100644 cache/hb-verify-1790453050/skills/.hub/index-cache/skills_sh_search_db281072fee0e4e2ea7a0b73d70b99f6.json
 create mode 100644 cache/hb-verify-1790453050/skills/.hub/lock.json
 create mode 100644 cache/hb-verify-1790453050/skills/.hub/taps.json
 create mode 100644 cache/hb-verify-1790453050/skills/.usage.json
 create mode 100644 cache/hb-verify-1790453050/skills/.usage.json.lock
 create mode 100644 cache/hb-verify-1790453050/skills/3-statement-model/SKILL.md
 create mode 100644 cache/hb-verify-1790453050/skills/agent-browser/SKILL.md
 create mode 100644 cache/hb-verify-1790453050/skills/agent-browser/references/core.md
 create mode 100644 cache/hb-verify-1790453050/skills/ai-readiness/SKILL.md
 create mode 100644 cache/hb-verify-1790453050/skills/apple/DESCRIPTION.md
 create mode 100644 cache/hb-verify-1790453050/skills/apple/apple/SKILL.md
 create mode 100644 cache/hb-verify-1790453050/skills/audit-xls/SKILL.md
 create mode 100644 cache/hb-verify-1790453050/skills/autonomous-ai-agents/DESCRIPTION.md
 create mode 100644 cache/hb-verify-1790453050/skills/autonomous-ai-agents/coding-agents/SKILL.md
 create mode 100644 cache/hb-verify-1790453050/skills/autonomous-ai-agents/coding-agents/references/claude-code.md
 create mode 100644 cache/hb-verify-1790453050/skills/autonomous-ai-agents/coding-agents/references/codex.md
 create mode 100644 cache/hb-verify-1790453050/skills/autonomous-ai-agents/coding-agents/references/opencode.md
 create mode 100644 cache/hb-verify-1790453050/skills/autonomous-ai-agents/merge-reconciler/SKILL.md
 create mode 100644 cache/hb-verify-1790453050/skills/buffett-skill/SKILL.md
 create mode 100644 cache/hb-verify-1790453050/skills/business-model-craft/SKILL.md
 create mode 100644 cache/hb-verify-1790453050/skills/buyer-list/SKILL.md
 create mode 100644 cache/hb-verify-1790453050/skills/career-ops/.agents/skills/career-ops/SKILL.md
 create mode 100644 cache/hb-verify-1790453050/skills/career-ops/.claude-plugin/marketplace.json
 create mode 100644 cache/hb-verify-1790453050/skills/career-ops/.claude-plugin/plugin.json
 create mode 100644 cache/hb-verify-1790453050/skills/career-ops/.claude/skills/career-ops/SKILL.md
 create mode 100644 cache/hb-verify-1790453050/skills/career-ops/.coderabbit.yaml
 create mode 100644 cache/hb-verify-1790453050/skills/career-ops/.envrc
 create mode 100644 cache/hb-verify-1790453050/skills/career-ops/.github/FUNDING.yml
 create mode 100644 cache/hb-verify-1790453050/skills/career-ops/.github/ISSUE_TEMPLATE/bug_report.yml
 create mode 100644 cache/hb-verify-1790453050/skills/career-ops/.github/ISSUE_TEMPLATE/config.yml
 create mode 100644 cache/hb-verify-1790453050/skills/career-ops/.github/ISSUE_TEMPLATE/feature_request.yml
 create mode 100644 cache/hb-verify-1790453050/skills/career-ops/.github/ISSUE_TEMPLATE/i-got-hired.yml
 create mode 100644 cache/hb-verify-1790453050/skills/career-ops/.github/PULL_REQUEST_TEMPLATE.md
 create mode 100644 cache/hb-verify-1790453050/skills/career-ops/.github/SECURITY.md
 create mode 100644 cache/hb-verify-1790453050/skills/career-ops/.github/dependabot.yml
 create mode 100644 cache/hb-verify-1790453050/skills/career-ops/.github/labeler.yml
 create mode 100644 cache/hb-verify-1790453050/skills/career-ops/.github/workflows/codeql.yml
 create mode 100644 cache/hb-verify-1790453050/skills/career-ops/.github/workflows/dependency-review.yml
 create mode 100644 cache/hb-verify-1790453050/skills/career-ops/.github/workflows/labeler.yml
 create mode 100644 cache/hb-verify-1790453050/skills/career-ops/.github/workflows/release.yml
 create mode 100644 cache/hb-verify-1790453050/skills/career-ops/.github/workflows/sbom.yml
 create mode 100644 cache/hb-verify-1790453050/skills/career-ops/.github/workflows/stale.yml
 create mode 100644 cache/hb-verify-1790453050/skills/career-ops/.github/workflows/test.yml
 create mode 100644 cache/hb-verify-1790453050/skills/career-ops/.github/workflows/welcome.yml
 create mode 100644 cache/hb-verify-1790453050/skills/career-ops/.gitignore
 create mode 100644 cache/hb-verify-1790453050/skills/career-ops/.qwen/skills/career-ops/SKILL.md
 create mode 100644 cache/hb-verify-1790453050/skills/career-ops/.release-please-manifest.json
 create mode 100644 cache/hb-verify-1790453050/skills/career-ops/AGENTS.md
 create mode 100644 cache/hb-verify-1790453050/skills/career-ops/CHANGELOG.md
 create mode 100644 cache/hb-verify-1790453050/skills/career-ops/CITATION.cff
 create mode 100644 cache/hb-verify-1790453050/skills/career-ops/CLAUDE.md
 create mode 100644 cache/hb-verify-1790453050/skills/career-ops/CODE_OF_CONDUCT.md
 create mode 100644 cache/hb-verify-1790453050/skills/career-ops/CONTRIBUTING.md
 create mode 100644 cache/hb-verify-1790453050/skills/career-ops/CONTRIBUTORS.md
 create mode 100644 cache/hb-verify-1790453050/skills/career-ops/DATA_CONTRACT.md
 create mode 100644 cache/hb-verify-1790453050/skills/career-ops/GEMINI.md
 create mode 100644 cache/hb-verify-1790453050/skills/career-ops/GOVERNANCE.md
 create mode 100644 cache/hb-verify-1790453050/skills/career-ops/LEGAL_DISCLAIMER.md
 create mode 100644 cache/hb-verify-1790453050/skills/career-ops/LICENSE
 create mode 100644 cache/hb-verify-1790453050/skills/career-ops/README.cn.md
 create mode 100644 cache/hb-verify-1790453050/skills/career-ops/README.es.md
 create mode 100644 cache/hb-verify-1790453050/skills/career-ops/README.ja.md
 create mode 100644 cache/hb-verify-1790453050/skills/career-ops/README.ko-KR.md
 create mode 100644 cache/hb-verify-1790453050/skills/career-ops/README.md
 create mode 100644 cache/hb-verify-1790453050/skills/career-ops/README.pt-BR.md
 create mode 100644 cache/hb-verify-1790453050/skills/career-ops/README.ru.md
 create mode 100644 cache/hb-verify-1790453050/skills/career-ops/README.ua.md
 create mode 100644 cache/hb-verify-1790453050/skills/career-ops/README.zh-TW.md
 create mode 100644 cache/hb-verify-1790453050/skills/career-ops/SECURITY.md
 create mode 100644 cache/hb-verify-1790453050/skills/career-ops/SUPPORT.md
 create mode 100644 cache/hb-verify-1790453050/skills/career-ops/TRADEMARK.md
 create mode 100644 cache/hb-verify-1790453050/skills/career-ops/VERSION
 create mode 100644 cache/hb-verify-1790453050/skills/career-ops/analyze-patterns.mjs
 create mode 100644 cache/hb-verify-1790453050/skills/career-ops/batch/README.md
 create mode 100644 cache/hb-verify-1790453050/skills/career-ops/batch/batch-prompt.md
 create mode 100755 cache/hb-verify-1790453050/skills/career-ops/batch/batch-runner.sh
 create mode 100644 cache/hb-verify-1790453050/skills/career-ops/batch/tracker-additions/.gitkeep
 create mode 100644 cache/hb-verify-1790453050/skills/career-ops/check-liveness.mjs
 create mode 100644 cache/hb-verify-1790453050/skills/career-ops/config/profile.example.yml
 create mode 100644 cache/hb-verify-1790453050/skills/career-ops/cv-sync-check.mjs
 create mode 100644 cache/hb-verify-1790453050/skills/career-ops/dashboard/go.mod
 create mode 100644 cache/hb-verify-1790453050/skills/career-ops/dashboard/go.sum
 create mode 100644 cache/hb-verify-1790453050/skills/career-ops/dashboard/internal/data/career.go
 create mode 100644 cache/hb-verify-1790453050/skills/career-ops/dashboard/internal/data/career_test.go
 create mode 100644 cache/hb-verify-1790453050/skills/career-ops/dashboard/internal/model/career.go
 create mode 100644 cache/hb-verify-1790453050/skills/career-ops/dashboard/internal/theme/catppuccin.go
 create mode 100644 cache/hb-verify-1790453050/skills/career-ops/dashboard/internal/theme/catppuccin_latte.go
 create mode 100644 cache/hb-verify-1790453050/skills/career-ops/dashboard/internal/theme/theme.go
 create mode 100644 cache/hb-verify-1790453050/skills/career-ops/dashboard/internal/ui/screens/pipeline.go
 create mode 100644 cache/hb-verify-1790453050/skills/career-ops/dashboard/internal/ui/screens/pipeline_test.go
 create mode 100644 cache/hb-verify-1790453050/skills/career-ops/dashboard/internal/ui/screens/progress.go
 create mode 100644 cache/hb-verify-1790453050/skills/career-ops/dashboard/internal/ui/screens/viewer.go
 create mode 100644 cache/hb-verify-1790453050/skills/career-ops/dashboard/internal/ui/screens/viewer_test.go
 create mode 100644 cache/hb-verify-1790453050/skills/career-ops/dashboard/main.go
 create mode 100644 cache/hb-verify-1790453050/skills/career-ops/data/.gitkeep
 create mode 100644 cache/hb-verify-1790453050/skills/career-ops/data/parser-output/.gitkeep
 create mode 100644 cache/hb-verify-1790453050/skills/career-ops/dedup-tracker.mjs
 create mode 100644 cache/hb-verify-1790453050/skills/career-ops/docs/ARCHITECTURE.md
 create mode 100644 cache/hb-verify-1790453050/skills/career-ops/docs/CUSTOMIZATION.md
 create mode 100644 cache/hb-verify-1790453050/skills/career-ops/docs/SCRIPTS.md
 create mode 100644 cache/hb-verify-1790453050/skills/career-ops/docs/SETUP.md
 create mode 100644 cache/hb-verify-1790453050/skills/career-ops/docs/demo.gif
 create mode 100644 cache/hb-verify-1790453050/skills/career-ops/docs/hero-banner.jpg
 create mode 100644 cache/hb-verify-1790453050/skills/career-ops/docs/local-parser-cookbook.md
 create mode 100644 cache/hb-verify-1790453050/skills/career-ops/docs/og-image.jpg
 create mode 100644 cache/hb-verify-1790453050/skills/career-ops/docs/press/business-insider-dark.svg
 create mode 100644 cache/hb-verify-1790453050/skills/career-ops/docs/press/business-insider.svg
 create mode 100644 cache/hb-verify-1790453050/skills/career-ops/docs/press/wired-dark.svg
 create mode 100644 cache/hb-verify-1790453050/skills/career-ops/docs/press/wired.svg
 create mode 100644 cache/hb-verify-1790453050/skills/career-ops/docs/roadmap-phases.jpg
 create mode 100644 cache/hb-verify-1790453050/skills/career-ops/docs/vision-banner.jpg
 create mode 100644 cache/hb-verify-1790453050/skills/career-ops/doctor.mjs
 create mode 100644 cache/hb-verify-1790453050/skills/career-ops/examples/README.md
 create mode 100644 cache/hb-verify-1790453050/skills/career-ops/examples/article-digest-example.md
 create mode 100644 cache/hb-verify-1790453050/skills/career-ops/examples/ats-normalization-test.md
 create mode 100644 cache/hb-verify-1790453050/skills/career-ops/examples/cv-example.md
 create mode 100644 cache/hb-verify-1790453050/skills/career-ops/examples/dual-track-engineer-instructor/README.md
 create mode 100644 cache/hb-verify-1790453050/skills/career-ops/examples/dual-track-engineer-instructor/profile.yml
 create mode 100644 cache/hb-verify-1790453050/skills/career-ops/examples/sample-report.md
 create mode 100644 cache/hb-verify-1790453050/skills/career-ops/flake.lock
 create mode 100644 cache/hb-verify-1790453050/skills/career-ops/flake.nix
 create mode 100644 cache/hb-verify-1790453050/skills/career-ops/followup-cadence.mjs
 create mode 100644 cache/hb-verify-1790453050/skills/career-ops/fonts/dm-sans-latin-ext.woff2
 create mode 100644 cache/hb-verify-1790453050/skills/career-ops/fonts/dm-sans-latin.woff2
 create mode 100644 cache/hb-verify-1790453050/skills/career-ops/fonts/space-grotesk-latin-ext.woff2
 create mode 100644 cache/hb-verify-1790453050/skills/career-ops/fonts/space-grotesk-latin.woff2
 create mode 100644 cache/hb-verify-1790453050/skills/career-ops/gemini-eval.mjs
 create mode 100644 cache/hb-verify-1790453050/skills/career-ops/generate-latex.mjs
 create mode 100644 cache/hb-verify-1790453050/skills/career-ops/generate-pdf.mjs
 create mode 100644 cache/hb-verify-1790453050/skills/career-ops/interview-prep/story-bank.md
 create mode 100644 cache/hb-verify-1790453050/skills/career-ops/jds/.gitkeep
 create mode 100644 cache/hb-verify-1790453050/skills/career-ops/liveness-browser.mjs
 create mode 100644 cache/hb-verify-1790453050/skills/career-ops/liveness-core.mjs
 create mode 100644 cache/hb-verify-1790453050/skills/career-ops/merge-tracker.mjs
 create mode 100644 cache/hb-verify-1790453050/skills/career-ops/modes/_profile.template.md
 create mode 100644 cache/hb-verify-1790453050/skills/career-ops/modes/_shared.md
 create mode 100644 cache/hb-verify-1790453050/skills/career-ops/modes/apply.md
 create mode 100644 cache/hb-verify-1790453050/skills/career-ops/modes/auto-pipeline.md
 create mode 100644 cache/hb-verify-1790453050/skills/career-ops/modes/batch.md
 create mode 100644 cache/hb-verify-1790453050/skills/career-ops/modes/contacto.md
 create mode 100644 cache/hb-verify-1790453050/skills/career-ops/modes/de/README.md
 create mode 100644 cache/hb-verify-1790453050/skills/career-ops/modes/de/_shared.md
 create mode 100644 cache/hb-verify-1790453050/skills/career-ops/modes/de/angebot.md
 create mode 100644 cache/hb-verify-1790453050/skills/career-ops/modes/de/bewerben.md
 create mode 100644 cache/hb-verify-1790453050/skills/career-ops/modes/de/pipeline.md
 create mode 100644 cache/hb-verify-1790453050/skills/career-ops/modes/deep.md
 create mode 100644 cache/hb-verify-1790453050/skills/career-ops/modes/followup.md
 create mode 100644 cache/hb-verify-1790453050/skills/career-ops/modes/fr/README.md
 create mode 100644 cache/hb-verify-1790453050/skills/career-ops/modes/fr/_shared.md
 create mode 100644 cache/hb-verify-1790453050/skills/career-ops/modes/fr/offre.md
 create mode 100644 cache/hb-verify-1790453050/skills/career-ops/modes/fr/pipeline.md
 create mode 100644 cache/hb-verify-1790453050/skills/career-ops/modes/fr/postuler.md
 create mode 100644 cache/hb-verify-1790453050/skills/career-ops/modes/interview-prep.md
 create mode 100644 cache/hb-verify-1790453050/skills/career-ops/modes/ja/README.md
 create mode 100644 cache/hb-verify-1790453050/skills/career-ops/modes/ja/_shared.md
 create mode 100644 cache/hb-verify-1790453050/skills/career-ops/modes/ja/kyujin.md
 create mode 100644 cache/hb-verify-1790453050/skills/career-ops/modes/ja/oubo.md
 create mode 100644 cache/hb-verify-1790453050/skills/career-ops/modes/ja/pipeline.md
 create mode 100644 cache/hb-verify-1790453050/skills/career-ops/modes/latex.md
 create mode 100644 cache/hb-verify-1790453050/skills/career-ops/modes/oferta.md
 create mode 100644 cache/hb-verify-1790453050/skills/career-ops/modes/ofertas.md
 create mode 100644 cache/hb-verify-1790453050/skills/career-ops/modes/patterns.md
 create mode 100644 cache/hb-verify-1790453050/skills/career-ops/modes/pdf.md
 create mode 100644 cache/hb-verify-1790453050/skills/career-ops/modes/pipeline.md
 create mode 100644 cache/hb-verify-1790453050/skills/career-ops/modes/project.md
 create mode 100644 cache/hb-verify-1790453050/skills/career-ops/modes/pt/README.md
 create mode 100644 cache/hb-verify-1790453050/skills/career-ops/modes/pt/_shared.md
 create mode 100644 cache/hb-verify-1790453050/skills/career-ops/modes/pt/aplicar.md
 create mode 100644 cache/hb-verify-1790453050/skills/career-ops/modes/pt/oferta.md
 create mode 100644 cache/hb-verify-1790453050/skills/career-ops/modes/pt/pipeline.md
 create mode 100644 cache/hb-verify-1790453050/skills/career-ops/modes/ru/README.md
 create mode 100644 cache/hb-verify-1790453050/skills/career-ops/modes/ru/_shared.md
 create mode 100644 cache/hb-verify-1790453050/skills/career-ops/modes/ru/apply.md
 create mode 100644 cache/hb-verify-1790453050/skills/career-ops/modes/ru/interview-prep.md
 create mode 100644 cache/hb-verify-1790453050/skills/career-ops/modes/ru/oferta.md
 create mode 100644 cache/hb-verify-1790453050/skills/career-ops/modes/ru/pipeline.md
 create mode 100644 cache/hb-verify-1790453050/skills/career-ops/modes/scan.md
 create mode 100644 cache/hb-verify-1790453050/skills/career-ops/modes/tr/README.md
 create mode 100644 cache/hb-verify-1790453050/skills/career-ops/modes/tr/_shared.md
 create mode 100644 cache/hb-verify-1790453050/skills/career-ops/modes/tr/basvuru.md
 create mode 100644 cache/hb-verify-1790453050/skills/career-ops/modes/tr/is-ilani.md
 create mode 100644 cache/hb-verify-1790453050/skills/career-ops/modes/tr/pipeline.md
 create mode 100644 cache/hb-verify-1790453050/skills/career-ops/modes/tracker.md
 create mode 100644 cache/hb-verify-1790453050/skills/career-ops/modes/training.md
 create mode 100644 cache/hb-verify-1790453050/skills/career-ops/modes/ua/README.md
 create mode 100644 cache/hb-verify-1790453050/skills/career-ops/modes/ua/_shared.md
 create mode 100644 cache/hb-verify-1790453050/skills/career-ops/modes/ua/apply.md
 create mode 100644 cache/hb-verify-1790453050/skills/career-ops/modes/ua/interview-prep.md
 create mode 100644 cache/hb-verify-1790453050/skills/career-ops/modes/ua/oferta.md
 create mode 100644 cache/hb-verify-1790453050/skills/career-ops/modes/ua/pipeline.md
 create mode 100644 cache/hb-verify-1790453050/skills/career-ops/modes/update.md
 create mode 100644 cache/hb-verify-1790453050/skills/career-ops/normalize-statuses.mjs
 create mode 100644 cache/hb-verify-1790453050/skills/career-ops/output/.gitkeep
 create mode 100644 cache/hb-verify-1790453050/skills/career-ops/package.json
 create mode 100644 cache/hb-verify-1790453050/skills/career-ops/providers/_http.mjs
 create mode 100644 cache/hb-verify-1790453050/skills/career-ops/providers/_types.js
 create mode 100644 cache/hb-verify-1790453050/skills/career-ops/providers/ashby.mjs
 create mode 100644 cache/hb-verify-1790453050/skills/career-ops/providers/greenhouse.mjs
 create mode 100644 cache/hb-verify-1790453050/skills/career-ops/providers/lever.mjs
 create mode 100644 cache/hb-verify-1790453050/skills/career-ops/providers/local-parser.mjs
 create mode 100644 cache/hb-verify-1790453050/skills/career-ops/providers/recruitee.mjs
 create mode 100644 cache/hb-verify-1790453050/skills/career-ops/providers/smartrecruiters.mjs
 create mode 100644 cache/hb-verify-1790453050/skills/career-ops/providers/workable.mjs
 create mode 100644 cache/hb-verify-1790453050/skills/career-ops/release-please-config.json
 create mode 100644 cache/hb-verify-1790453050/skills/career-ops/renovate.json
 create mode 100644 cache/hb-verify-1790453050/skills/career-ops/reports/.gitkeep
 create mode 100644 cache/hb-verify-1790453050/skills/career-ops/scan.mjs
 create mode 100644 cache/hb-verify-1790453050/skills/career-ops/templates/README.md
 create mode 100644 cache/hb-verify-1790453050/skills/career-ops/templates/cv-template.html
 create mode 100644 cache/hb-verify-1790453050/skills/career-ops/templates/cv-template.tex
 create mode 100644 cache/hb-verify-1790453050/skills/career-ops/templates/portals.example.yml
 create mode 100644 cache/hb-verify-1790453050/skills/career-ops/templates/states.yml
 create mode 100644 cache/hb-verify-1790453050/skills/career-ops/test-all.mjs
 create mode 100644 cache/hb-verify-1790453050/skills/career-ops/tracker-links.mjs
 create mode 100644 cache/hb-verify-1790453050/skills/career-ops/update-system.mjs
 create mode 100644 cache/hb-verify-1790453050/skills/career-ops/verify-pipeline.mjs
 create mode 100644 cache/hb-verify-1790453050/skills/career-ops/writing-samples/README.md
 create mode 100644 cache/hb-verify-1790453050/skills/cim-builder/SKILL.md
 create mode 100644 cache/hb-verify-1790453050/skills/claude-api/SKILL.md
 create mode 100644 cache/hb-verify-1790453050/skills/clean-data-xls/SKILL.md
 create mode 100644 cache/hb-verify-1790453050/skills/client-report/SKILL.md
 create mode 100644 cache/hb-verify-1790453050/skills/competitive-analysis/SKILL.md
 create mode 100644 cache/hb-verify-1790453050/skills/comps-analysis/SKILL.md
 create mode 100644 cache/hb-verify-1790453050/skills/creative/DESCRIPTION.md
 create mode 100644 cache/hb-verify-1790453050/skills/creative/ascii-art/SKILL.md
 create mode 100644 cache/hb-verify-1790453050/skills/creative/baoyu-article-illustrator/PORT_NOTES.md
 create mode 100644 cache/hb-verify-1790453050/skills/creative/baoyu-article-illustrator/SKILL.md
 create mode 100644 cache/hb-verify-1790453050/skills/creative/baoyu-article-illustrator/prompts/system.md
 create mode 100644 cache/hb-verify-1790453050/skills/creative/baoyu-article-illustrator/references/palettes/macaron.md
 create mode 100644 cache/hb-verify-1790453050/skills/creative/baoyu-article-illustrator/references/palettes/mono-ink.md
 create mode 100644 cache/hb-verify-1790453050/skills/creative/baoyu-article-illustrator/references/palettes/neon.md
 create mode 100644 cache/hb-verify-1790453050/skills/creative/baoyu-article-illustrator/references/palettes/warm.md
 create mode 100644 cache/hb-verify-1790453050/skills/creative/baoyu-article-illustrator/references/prompt-construction.md
 create mode 100644 cache/hb-verify-1790453050/skills/creative/baoyu-article-illustrator/references/style-presets.md
 create mode 100644 cache/hb-verify-1790453050/skills/creative/baoyu-article-illustrator/references/styles.md
 create mode 100644 cache/hb-verify-1790453050/skills/creative/baoyu-article-illustrator/references/styles/blueprint.md
 create mode 100644 cache/hb-verify-1790453050/skills/creative/baoyu-article-illustrator/references/styles/chalkboard.md
 create mode 100644 cache/hb-verify-1790453050/skills/creative/baoyu-article-illustrator/references/styles/editorial.md
 create mode 100644 cache/hb-verify-1790453050/skills/creative/baoyu-article-illustrator/references/styles/elegant.md
 create mode 100644 cache/hb-verify-1790453050/skills/creative/baoyu-article-illustrator/references/styles/fantasy-animation.md
 create mode 100644 cache/hb-verify-1790453050/skills/creative/baoyu-article-illustrator/references/styles/flat-doodle.md
 create mode 100644 cache/hb-verify-1790453050/skills/creative/baoyu-article-illustrator/references/styles/flat.md
 create mode 100644 cache/hb-verify-1790453050/skills/creative/baoyu-article-illustrator/references/styles/ink-notes.md
 create mode 100644 cache/hb-verify-1790453050/skills/creative/baoyu-article-illustrator/references/styles/intuition-machine.md
 create mode 100644 cache/hb-verify-1790453050/skills/creative/baoyu-article-illustrator/references/styles/minimal.md
 create mode 100644 cache/hb-verify-1790453050/skills/creative/baoyu-article-illustrator/references/styles/nature.md
 create mode 100644 cache/hb-verify-1790453050/skills/creative/baoyu-article-illustrator/references/styles/notion.md
 create mode 100644 cache/hb-verify-1790453050/skills/creative/baoyu-article-illustrator/references/styles/pixel-art.md
 create mode 100644 cache/hb-verify-1790453050/skills/creative/baoyu-article-illustrator/references/styles/playful.md
 create mode 100644 cache/hb-verify-1790453050/skills/creative/baoyu-article-illustrator/references/styles/retro.md
 create mode 100644 cache/hb-verify-1790453050/skills/creative/baoyu-article-illustrator/references/styles/scientific.md
 create mode 100644 cache/hb-verify-1790453050/skills/creative/baoyu-article-illustrator/references/styles/screen-print.md
 create mode 100644 cache/hb-verify-1790453050/skills/creative/baoyu-article-illustrator/references/styles/sketch-notes.md
 create mode 100644 cache/hb-verify-1790453050/skills/creative/baoyu-article-illustrator/references/styles/sketch.md
 create mode 100644 cache/hb-verify-1790453050/skills/creative/baoyu-article-illustrator/references/styles/vector-illustration.md
 create mode 100644 cache/hb-verify-1790453050/skills/creative/baoyu-article-illustrator/references/styles/vintage.md
 create mode 100644 cache/hb-verify-1790453050/skills/creative/baoyu-article-illustrator/references/styles/warm.md
 create mode 100644 cache/hb-verify-1790453050/skills/creative/baoyu-article-illustrator/references/styles/watercolor.md
 create mode 100644 cache/hb-verify-1790453050/skills/creative/baoyu-article-illustrator/references/usage.md
 create mode 100644 cache/hb-verify-1790453050/skills/creative/baoyu-article-illustrator/references/workflow.md
 create mode 100644 cache/hb-verify-1790453050/skills/creative/baoyu-comic/PORT_NOTES.md
 create mode 100644 cache/hb-verify-1790453050/skills/creative/baoyu-comic/SKILL.md
 create mode 100644 cache/hb-verify-1790453050/skills/creative/baoyu-comic/references/analysis-framework.md
 create mode 100644 cache/hb-verify-1790453050/skills/creative/baoyu-comic/references/art-styles/chalk.md
 create mode 100644 cache/hb-verify-1790453050/skills/creative/baoyu-comic/references/art-styles/ink-brush.md
 create mode 100644 cache/hb-verify-1790453050/skills/creative/baoyu-comic/references/art-styles/ligne-claire.md
 create mode 100644 cache/hb-verify-1790453050/skills/creative/baoyu-comic/references/art-styles/manga.md
 create mode 100644 cache/hb-verify-1790453050/skills/creative/baoyu-comic/references/art-styles/minimalist.md
 create mode 100644 cache/hb-verify-1790453050/skills/creative/baoyu-comic/references/art-styles/realistic.md
 create mode 100644 cache/hb-verify-1790453050/skills/creative/baoyu-comic/references/auto-selection.md
 create mode 100644 cache/hb-verify-1790453050/skills/creative/baoyu-comic/references/base-prompt.md
 create mode 100644 cache/hb-verify-1790453050/skills/creative/baoyu-comic/references/character-template.md
 create mode 100644 cache/hb-verify-1790453050/skills/creative/baoyu-comic/references/layouts/cinematic.md
 create mode 100644 cache/hb-verify-1790453050/skills/creative/baoyu-comic/references/layouts/dense.md
 create mode 100644 cache/hb-verify-1790453050/skills/creative/baoyu-comic/references/layouts/four-panel.md
 create mode 100644 cache/hb-verify-1790453050/skills/creative/baoyu-comic/references/layouts/mixed.md
 create mode 100644 cache/hb-verify-1790453050/skills/creative/baoyu-comic/references/layouts/splash.md
 create mode 100644 cache/hb-verify-1790453050/skills/creative/baoyu-comic/references/layouts/standard.md
 create mode 100644 cache/hb-verify-1790453050/skills/creative/baoyu-comic/references/layouts/webtoon.md
 create mode 100644 cache/hb-verify-1790453050/skills/creative/baoyu-comic/references/ohmsha-guide.md
 create mode 100644 cache/hb-verify-1790453050/skills/creative/baoyu-comic/references/partial-workflows.md
 create mode 100644 cache/hb-verify-1790453050/skills/creative/baoyu-comic/references/presets/concept-story.md
 create mode 100644 cache/hb-verify-1790453050/skills/creative/baoyu-comic/references/presets/four-panel.md
 create mode 100644 cache/hb-verify-1790453050/skills/creative/baoyu-comic/references/presets/ohmsha.md
 create mode 100644 cache/hb-verify-1790453050/skills/creative/baoyu-comic/references/presets/shoujo.md
 create mode 100644 cache/hb-verify-1790453050/skills/creative/baoyu-comic/references/presets/wuxia.md
 create mode 100644 cache/hb-verify-1790453050/skills/creative/baoyu-comic/references/storyboard-template.md
 create mode 100644 cache/hb-verify-1790453050/skills/creative/baoyu-comic/references/tones/action.md
 create mode 100644 cache/hb-verify-1790453050/skills/creative/baoyu-comic/references/tones/dramatic.md
 create mode 100644 cache/hb-verify-1790453050/skills/creative/baoyu-comic/references/tones/energetic.md
 create mode 100644 cache/hb-verify-1790453050/skills/creative/baoyu-comic/references/tones/neutral.md
 create mode 100644 cache/hb-verify-1790453050/skills/creative/baoyu-comic/references/tones/romantic.md
 create mode 100644 cache/hb-verify-1790453050/skills/creative/baoyu-comic/references/tones/vintage.md
 create mode 100644 cache/hb-verify-1790453050/skills/creative/baoyu-comic/references/tones/warm.md
 create mode 100644 cache/hb-verify-1790453050/skills/creative/baoyu-comic/references/workflow.md
 create mode 100644 cache/hb-verify-1790453050/skills/creative/comfyui/SKILL.md
 create mode 100644 cache/hb-verify-1790453050/skills/creative/comfyui/references/official-cli.md
 create mode 100644 cache/hb-verify-1790453050/skills/creative/comfyui/references/rest-api.md
 create mode 100644 cache/hb-verify-1790453050/skills/creative/comfyui/references/template-integrity.md
 create mode 100644 cache/hb-verify-1790453050/skills/creative/comfyui/references/workflow-format.md
 create mode 100644 cache/hb-verify-1790453050/skills/creative/comfyui/scripts/_common.py
 create mode 100755 cache/hb-verify-1790453050/skills/creative/comfyui/scripts/auto_fix_deps.py
 create mode 100755 cache/hb-verify-1790453050/skills/creative/comfyui/scripts/check_deps.py
 create mode 100755 cache/hb-verify-1790453050/skills/creative/comfyui/scripts/comfyui_setup.sh
 create mode 100755 cache/hb-verify-1790453050/skills/creative/comfyui/scripts/extract_schema.py
 create mode 100755 cache/hb-verify-1790453050/skills/creative/comfyui/scripts/fetch_logs.py
 create mode 100755 cache/hb-verify-1790453050/skills/creative/comfyui/scripts/hardware_check.py
 create mode 100755 cache/hb-verify-1790453050/skills/creative/comfyui/scripts/health_check.py
 create mode 100755 cache/hb-verify-1790453050/skills/creative/comfyui/scripts/run_batch.py
 create mode 100755 cache/hb-verify-1790453050/skills/creative/comfyui/scripts/run_workflow.py
 create mode 100755 cache/hb-verify-1790453050/skills/creative/comfyui/scripts/ws_monitor.py
 create mode 100644 cache/hb-verify-1790453050/skills/creative/comfyui/tests/README.md
 create mode 100644 cache/hb-verify-1790453050/skills/creative/comfyui/tests/conftest.py
 create mode 100644 cache/hb-verify-1790453050/skills/creative/comfyui/tests/pytest.ini
 create mode 100644 cache/hb-verify-1790453050/skills/creative/comfyui/tests/test_check_deps.py
 create mode 100644 cache/hb-verify-1790453050/skills/creative/comfyui/tests/test_cloud_integration.py
 create mode 100644 cache/hb-verify-1790453050/skills/creative/comfyui/tests/test_common.py
 create mode 100644 cache/hb-verify-1790453050/skills/creative/comfyui/tests/test_extract_schema.py
 create mode 100644 cache/hb-verify-1790453050/skills/creative/comfyui/tests/test_run_workflow.py
 create mode 100644 cache/hb-verify-1790453050/skills/creative/comfyui/workflows/README.md
 create mode 100644 cache/hb-verify-1790453050/skills/creative/comfyui/workflows/animatediff_video.json
 create mode 100644 cache/hb-verify-1790453050/skills/creative/comfyui/workflows/flux_dev_txt2img.json
 create mode 100644 cache/hb-verify-1790453050/skills/creative/comfyui/workflows/sd15_txt2img.json
 create mode 100644 cache/hb-verify-1790453050/skills/creative/comfyui/workflows/sdxl_img2img.json
 create mode 100644 cache/hb-verify-1790453050/skills/creative/comfyui/workflows/sdxl_inpaint.json
 create mode 100644 cache/hb-verify-1790453050/skills/creative/comfyui/workflows/sdxl_txt2img.json
 create mode 100644 cache/hb-verify-1790453050/skills/creative/comfyui/workflows/upscale_4x.json
 create mode 100644 cache/hb-verify-1790453050/skills/creative/comfyui/workflows/wan_video_t2v.json
 create mode 100644 cache/hb-verify-1790453050/skills/creative/excalidraw/SKILL.md
 create mode 100644 cache/hb-verify-1790453050/skills/creative/excalidraw/references/colors.md
 create mode 100644 cache/hb-verify-1790453050/skills/creative/excalidraw/references/dark-mode.md
 create mode 100644 cache/hb-verify-1790453050/skills/creative/excalidraw/references/examples.md
 create mode 100644 cache/hb-verify-1790453050/skills/creative/excalidraw/scripts/upload.py
 create mode 100644 cache/hb-verify-1790453050/skills/creative/ideation/SKILL.md
 create mode 100644 cache/hb-verify-1790453050/skills/creative/pixel-art/ATTRIBUTION.md
 create mode 100644 cache/hb-verify-1790453050/skills/creative/pixel-art/SKILL.md
 create mode 100644 cache/hb-verify-1790453050/skills/creative/pixel-art/references/palettes.md
 create mode 100644 cache/hb-verify-1790453050/skills/creative/pixel-art/scripts/__init__.py
 create mode 100644 cache/hb-verify-1790453050/skills/creative/pixel-art/scripts/palettes.py
 create mode 100644 cache/hb-verify-1790453050/skills/creative/pixel-art/scripts/pixel_art.py
 create mode 100644 cache/hb-verify-1790453050/skills/creative/pixel-art/scripts/pixel_art_video.py
 create mode 100644 cache/hb-verify-1790453050/skills/creative/pretext/SKILL.md
 create mode 100644 cache/hb-verify-1790453050/skills/creative/pretext/references/patterns.md
 create mode 100644 cache/hb-verify-1790453050/skills/creative/pretext/templates/donut-orbit.html
 create mode 100644 cache/hb-verify-1790453050/skills/creative/pretext/templates/hello-orb-flow.html
 create mode 100644 cache/hb-verify-1790453050/skills/creative/touchdesigner-mcp/SKILL.md
 create mode 100644 cache/hb-verify-1790453050/skills/creative/touchdesigner-mcp/references/3d-scene.md
 create mode 100644 cache/hb-verify-1790453050/skills/creative/touchdesigner-mcp/references/animation.md
 create mode 100644 cache/hb-verify-1790453050/skills/creative/touchdesigner-mcp/references/audio-reactive.md
 create mode 100644 cache/hb-verify-1790453050/skills/creative/touchdesigner-mcp/references/dat-scripting.md
 create mode 100644 cache/hb-verify-1790453050/skills/creative/touchdesigner-mcp/references/external-data.md
 create mode 100644 cache/hb-verify-1790453050/skills/creative/touchdesigner-mcp/references/geometry-comp.md
 create mode 100644 cache/hb-verify-1790453050/skills/creative/touchdesigner-mcp/references/glsl.md
 create mode 100644 cache/hb-verify-1790453050/skills/creative/touchdesigner-mcp/references/layout-compositor.md
 create mode 100644 cache/hb-verify-1790453050/skills/creative/touchdesigner-mcp/references/mcp-tools.md
 create mode 100644 cache/hb-verify-1790453050/skills/creative/touchdesigner-mcp/references/midi-osc.md
 create mode 100644 cache/hb-verify-1790453050/skills/creative/touchdesigner-mcp/references/network-patterns.md
 create mode 100644 cache/hb-verify-1790453050/skills/creative/touchdesigner-mcp/references/operator-tips.md
 create mode 100644 cache/hb-verify-1790453050/skills/creative/touchdesigner-mcp/references/operators.md
 create mode 100644 cache/hb-verify-1790453050/skills/creative/touchdesigner-mcp/references/panel-ui.md
 create mode 100644 cache/hb-verify-1790453050/skills/creative/touchdesigner-mcp/references/particles.md
 create mode 100644 cache/hb-verify-1790453050/skills/creative/touchdesigner-mcp/references/pitfalls.md
 create mode 100644 cache/hb-verify-1790453050/skills/creative/touchdesigner-mcp/references/postfx.md
 create mode 100644 cache/hb-verify-1790453050/skills/creative/touchdesigner-mcp/references/projection-mapping.md
 create mode 100644 cache/hb-verify-1790453050/skills/creative/touchdesigner-mcp/references/python-api.md
 create mode 100644 cache/hb-verify-1790453050/skills/creative/touchdesigner-mcp/references/replicator.md
 create mode 100644 cache/hb-verify-1790453050/skills/creative/touchdesigner-mcp/references/troubleshooting.md
 create mode 100644 cache/hb-verify-1790453050/skills/creative/touchdesigner-mcp/scripts/setup.sh
 create mode 100644 cache/hb-verify-1790453050/skills/data-science/DESCRIPTION.md
 create mode 100644 cache/hb-verify-1790453050/skills/data-science/jupyter-live-kernel/SKILL.md
 create mode 100644 cache/hb-verify-1790453050/skills/datapack-builder/SKILL.md
 create mode 100644 cache/hb-verify-1790453050/skills/dcf-model/SKILL.md
 create mode 100644 cache/hb-verify-1790453050/skills/dd-checklist/SKILL.md
 create mode 100644 cache/hb-verify-1790453050/skills/diagramming/DESCRIPTION.md
 create mode 100644 cache/hb-verify-1790453050/skills/domain/DESCRIPTION.md
 create mode 100644 cache/hb-verify-1790453050/skills/earnings-analysis/SKILL.md
 create mode 100644 cache/hb-verify-1790453050/skills/earnings-preview/SKILL.md
 create mode 100644 cache/hb-verify-1790453050/skills/elon-musk-skill/SKILL.md
 create mode 100644 cache/hb-verify-1790453050/skills/email/DESCRIPTION.md
 create mode 120000 cache/hb-verify-1790453050/skills/equity-research
 create mode 100644 cache/hb-verify-1790453050/skills/find-skills/SKILL.md
 create mode 100644 cache/hb-verify-1790453050/skills/find-skills/references/manual-github-install.md
 create mode 100644 cache/hb-verify-1790453050/skills/follow-builders/SKILL.md
 create mode 100644 cache/hb-verify-1790453050/skills/follow-builders/config/default-sources.json
 create mode 100644 cache/hb-verify-1790453050/skills/follow-builders/prompts/digest-intro.md
 create mode 100644 cache/hb-verify-1790453050/skills/follow-builders/prompts/summarize-podcast.md
 create mode 100644 cache/hb-verify-1790453050/skills/follow-builders/prompts/summarize-tweets.md
 create mode 100644 cache/hb-verify-1790453050/skills/follow-builders/prompts/translate.md
 create mode 100644 cache/hb-verify-1790453050/skills/follow-builders/references/cdn-fallback-workflow.md
 create mode 100644 cache/hb-verify-1790453050/skills/follow-builders/references/dns-poisoning-browser-bypass.md
 create mode 100644 cache/hb-verify-1790453050/skills/follow-builders/references/notion-delivery-pattern.md
 create mode 100644 cache/hb-verify-1790453050/skills/follow-builders/references/parse-digest-json.md
 create mode 100644 cache/hb-verify-1790453050/skills/follow-builders/scripts/deliver.js
 create mode 100644 cache/hb-verify-1790453050/skills/follow-builders/scripts/package-lock.json
 create mode 100644 cache/hb-verify-1790453050/skills/follow-builders/scripts/package.json
 create mode 100644 cache/hb-verify-1790453050/skills/follow-builders/scripts/parse-feeds.py
 create mode 100644 cache/hb-verify-1790453050/skills/follow-builders/scripts/parse-output.py
 create mode 100644 cache/hb-verify-1790453050/skills/follow-builders/scripts/prepare-digest.js
 create mode 100644 "cache/hb-verify-1790453050/skills/follow-builders/scripts/\350\277\275\350\270\252"
 create mode 100644 cache/hb-verify-1790453050/skills/frontend-design/SKILL.md
 create mode 100644 cache/hb-verify-1790453050/skills/frontend-slides/.claude-plugin/marketplace.json
 create mode 100644 cache/hb-verify-1790453050/skills/frontend-slides/.gitignore
 create mode 100644 cache/hb-verify-1790453050/skills/frontend-slides/LICENSE
 create mode 100644 cache/hb-verify-1790453050/skills/frontend-slides/README.md
 create mode 100644 cache/hb-verify-1790453050/skills/frontend-slides/SKILL.md
 create mode 100644 cache/hb-verify-1790453050/skills/frontend-slides/STYLE_PRESETS.md
 create mode 100644 cache/hb-verify-1790453050/skills/frontend-slides/animation-patterns.md
 create mode 100644 cache/hb-verify-1790453050/skills/frontend-slides/bold-template-pack/README.md
 create mode 100644 cache/hb-verify-1790453050/skills/frontend-slides/bold-template-pack/deck-stage.js
 create mode 100644 cache/hb-verify-1790453050/skills/frontend-slides/bold-template-pack/selection-index.json
 create mode 100644 cache/hb-verify-1790453050/skills/frontend-slides/bold-template-pack/templates/8-bit-orbit/design.md
 create mode 100644 cache/hb-verify-1790453050/skills/frontend-slides/bold-template-pack/templates/8-bit-orbit/preview.md
 create mode 100644 cache/hb-verify-1790453050/skills/frontend-slides/bold-template-pack/templates/biennale-yellow/design.md
 create mode 100644 cache/hb-verify-1790453050/skills/frontend-slides/bold-template-pack/templates/biennale-yellow/preview.md
 create mode 100644 cache/hb-verify-1790453050/skills/frontend-slides/bold-template-pack/templates/block-frame/design.md
 create mode 100644 cache/hb-verify-1790453050/skills/frontend-slides/bold-template-pack/templates/block-frame/preview.md
 create mode 100644 cache/hb-verify-1790453050/skills/frontend-slides/bold-template-pack/templates/blue-professional/design.md
 create mode 100644 cache/hb-verify-1790453050/skills/frontend-slides/bold-template-pack/templates/blue-professional/preview.md
 create mode 100644 cache/hb-verify-1790453050/skills/frontend-slides/bold-template-pack/templates/bold-poster/design.md
 create mode 100644 cache/hb-verify-1790453050/skills/frontend-slides/bold-template-pack/templates/bold-poster/preview.md
 create mode 100644 cache/hb-verify-1790453050/skills/frontend-slides/bold-template-pack/templates/broadside/design.md
 create mode 100644 cache/hb-verify-1790453050/skills/frontend-slides/bold-template-pack/templates/broadside/preview.md
 create mode 100644 cache/hb-verify-1790453050/skills/frontend-slides/bold-template-pack/templates/capsule/design.md
 create mode 100644 cache/hb-verify-1790453050/skills/frontend-slides/bold-template-pack/templates/capsule/preview.md
 create mode 100644 cache/hb-verify-1790453050/skills/frontend-slides/bold-template-pack/templates/cartesian/design.md
 create mode 100644 cache/hb-verify-1790453050/skills/frontend-slides/bold-template-pack/templates/cartesian/preview.md
 create mode 100644 cache/hb-verify-1790453050/skills/frontend-slides/bold-template-pack/templates/cobalt-grid/design.md
 create mode 100644 cache/hb-verify-1790453050/skills/frontend-slides/bold-template-pack/templates/cobalt-grid/preview.md
 create mode 100644 cache/hb-verify-1790453050/skills/frontend-slides/bold-template-pack/templates/coral/design.md
 create mode 100644 cache/hb-verify-1790453050/skills/frontend-slides/bold-template-pack/templates/coral/preview.md
 create mode 100644 cache/hb-verify-1790453050/skills/frontend-slides/bold-template-pack/templates/creative-mode/design.md
 create mode 100644 cache/hb-verify-1790453050/skills/frontend-slides/bold-template-pack/templates/creative-mode/preview.md
 create mode 100644 cache/hb-verify-1790453050/skills/frontend-slides/bold-template-pack/templates/daisy-days/design.md
 create mode 100644 cache/hb-verify-1790453050/skills/frontend-slides/bold-template-pack/templates/daisy-days/preview.md
 create mode 100644 cache/hb-verify-1790453050/skills/frontend-slides/bold-template-pack/templates/editorial-forest/design.md
 create mode 100644 cache/hb-verify-1790453050/skills/frontend-slides/bold-template-pack/templates/editorial-forest/preview.md
 create mode 100644 cache/hb-verify-1790453050/skills/frontend-slides/bold-template-pack/templates/editorial-tri-tone/design.md
 create mode 100644 cache/hb-verify-1790453050/skills/frontend-slides/bold-template-pack/templates/editorial-tri-tone/preview.md
 create mode 100644 cache/hb-verify-1790453050/skills/frontend-slides/bold-template-pack/templates/emerald-editorial/design.md
 create mode 100644 cache/hb-verify-1790453050/skills/frontend-slides/bold-template-pack/templates/emerald-editorial/preview.md
 create mode 100644 cache/hb-verify-1790453050/skills/frontend-slides/bold-template-pack/templates/grove/design.md
 create mode 100644 cache/hb-verify-1790453050/skills/frontend-slides/bold-template-pack/templates/grove/preview.md
 create mode 100644 cache/hb-verify-1790453050/skills/frontend-slides/bold-template-pack/templates/long-table/design.md
 create mode 100644 cache/hb-verify-1790453050/skills/frontend-slides/bold-template-pack/templates/long-table/preview.md
 create mode 100644 cache/hb-verify-1790453050/skills/frontend-slides/bold-template-pack/templates/mat/design.md
 create mode 100644 cache/hb-verify-1790453050/skills/frontend-slides/bold-template-pack/templates/mat/preview.md
 create mode 100644 cache/hb-verify-1790453050/skills/frontend-slides/bold-template-pack/templates/monochrome/design.md
 create mode 100644 cache/hb-verify-1790453050/skills/frontend-slides/bold-template-pack/templates/monochrome/preview.md
 create mode 100644 cache/hb-verify-1790453050/skills/frontend-slides/bold-template-pack/templates/neo-grid-bold/design.md
 create mode 100644 cache/hb-verify-1790453050/skills/frontend-slides/bold-template-pack/templates/neo-grid-bold/preview.md
 create mode 100644 cache/hb-verify-1790453050/skills/frontend-slides/bold-template-pack/templates/peoples-platform/design.md
 create mode 100644 cache/hb-verify-1790453050/skills/frontend-slides/bold-template-pack/templates/peoples-platform/preview.md
 create mode 100644 cache/hb-verify-1790453050/skills/frontend-slides/bold-template-pack/templates/pin-and-paper/design.md
 create mode 100644 cache/hb-verify-1790453050/skills/frontend-slides/bold-template-pack/templates/pin-and-paper/preview.md
 create mode 100644 cache/hb-verify-1790453050/skills/frontend-slides/bold-template-pack/templates/pink-script/design.md
 create mode 100644 cache/hb-verify-1790453050/skills/frontend-slides/bold-template-pack/templates/pink-script/preview.md
 create mode 100644 cache/hb-verify-1790453050/skills/frontend-slides/bold-template-pack/templates/playful/design.md
 create mode 100644 cache/hb-verify-1790453050/skills/frontend-slides/bold-template-pack/templates/playful/preview.md
 create mode 100644 cache/hb-verify-1790453050/skills/frontend-slides/bold-template-pack/templates/raw-grid/design.md
 create mode 100644 cache/hb-verify-1790453050/skills/frontend-slides/bold-template-pack/templates/raw-grid/preview.md
 create mode 100644 cache/hb-verify-1790453050/skills/frontend-slides/bold-template-pack/templates/retro-windows/design.md
 create mode 100644 cache/hb-verify-1790453050/skills/frontend-slides/bold-template-pack/templates/retro-windows/preview.md
 create mode 100644 cache/hb-verify-1790453050/skills/frontend-slides/bold-template-pack/templates/retro-zine/design.md
 create mode 100644 cache/hb-verify-1790453050/skills/frontend-slides/bold-template-pack/templates/retro-zine/preview.md
 create mode 100644 cache/hb-verify-1790453050/skills/frontend-slides/bold-template-pack/templates/sakura-chroma/design.md
 create mode 100644 cache/hb-verify-1790453050/skills/frontend-slides/bold-template-pack/templates/sakura-chroma/preview.md
 create mode 100644 cache/hb-verify-1790453050/skills/frontend-slides/bold-template-pack/templates/scatterbrain/design.md
 create mode 100644 cache/hb-verify-1790453050/skills/frontend-slides/bold-template-pack/templates/scatterbrain/preview.md
 create mode 100644 cache/hb-verify-1790453050/skills/frontend-slides/bold-template-pack/templates/signal/design.md
 create mode 100644 cache/hb-verify-1790453050/skills/frontend-slides/bold-template-pack/templates/signal/preview.md
 create mode 100644 cache/hb-verify-1790453050/skills/frontend-slides/bold-template-pack/templates/soft-editorial/design.md
 create mode 100644 cache/hb-verify-1790453050/skills/frontend-slides/bold-template-pack/templates/soft-editorial/preview.md
 create mode 100644 cache/hb-verify-1790453050/skills/frontend-slides/bold-template-pack/templates/stencil-tablet/design.md
 create mode 100644 cache/hb-verify-1790453050/skills/frontend-slides/bold-template-pack/templates/stencil-tablet/preview.md
 create mode 100644 cache/hb-verify-1790453050/skills/frontend-slides/bold-template-pack/templates/studio/design.md
 create mode 100644 cache/hb-verify-1790453050/skills/frontend-slides/bold-template-pack/templates/studio/preview.md
 create mode 100644 cache/hb-verify-1790453050/skills/frontend-slides/bold-template-pack/templates/vellum/design.md
 create mode 100644 cache/hb-verify-1790453050/skills/frontend-slides/bold-template-pack/templates/vellum/preview.md
 create mode 100644 cache/hb-verify-1790453050/skills/frontend-slides/html-template.md
 create mode 100644 cache/hb-verify-1790453050/skills/frontend-slides/plugins/frontend-slides/.claude-plugin/plugin.json
 create mode 100644 cache/hb-verify-1790453050/skills/frontend-slides/plugins/frontend-slides/skills/frontend-slides/SKILL.md
 create mode 100644 cache/hb-verify-1790453050/skills/frontend-slides/plugins/frontend-slides/skills/frontend-slides/STYLE_PRESETS.md
 create mode 100644 cache/hb-verify-1790453050/skills/frontend-slides/plugins/frontend-slides/skills/frontend-slides/animation-patterns.md
 create mode 100644 cache/hb-verify-1790453050/skills/frontend-slides/plugins/frontend-slides/skills/frontend-slides/bold-template-pack/README.md
 create mode 100644 cache/hb-verify-1790453050/skills/frontend-slides/plugins/frontend-slides/skills/frontend-slides/bold-template-pack/deck-stage.js
 create mode 100644 cache/hb-verify-1790453050/skills/frontend-slides/plugins/frontend-slides/skills/frontend-slides/bold-template-pack/selection-index.json
 create mode 100644 cache/hb-verify-1790453050/skills/frontend-slides/plugins/frontend-slides/skills/frontend-slides/bold-template-pack/templates/8-bit-orbit/design.md
 create mode 100644 cache/hb-verify-1790453050/skills/frontend-slides/plugins/frontend-slides/skills/frontend-slides/bold-template-pack/templates/8-bit-orbit/preview.md
 create mode 100644 cache/hb-verify-1790453050/skills/frontend-slides/plugins/frontend-slides/skills/frontend-slides/bold-template-pack/templates/biennale-yellow/design.md
 create mode 100644 cache/hb-verify-1790453050/skills/frontend-slides/plugins/frontend-slides/skills/frontend-slides/bold-template-pack/templates/biennale-yellow/preview.md
 create mode 100644 cache/hb-verify-1790453050/skills/frontend-slides/plugins/frontend-slides/skills/frontend-slides/bold-template-pack/templates/block-frame/design.md
 create mode 100644 cache/hb-verify-1790453050/skills/frontend-slides/plugins/frontend-slides/skills/frontend-slides/bold-template-pack/templates/block-frame/preview.md
 create mode 100644 cache/hb-verify-1790453050/skills/frontend-slides/plugins/frontend-slides/skills/frontend-slides/bold-template-pack/templates/blue-professional/design.md
 create mode 100644 cache/hb-verify-1790453050/skills/frontend-slides/plugins/frontend-slides/skills/frontend-slides/bold-template-pack/templates/blue-professional/preview.md
 create mode 100644 cache/hb-verify-1790453050/skills/frontend-slides/plugins/frontend-slides/skills/frontend-slides/bold-template-pack/templates/bold-poster/design.md
 create mode 100644 cache/hb-verify-1790453050/skills/frontend-slides/plugins/frontend-slides/skills/frontend-slides/bold-template-pack/templates/bold-poster/preview.md
 create mode 100644 cache/hb-verify-1790453050/skills/frontend-slides/plugins/frontend-slides/skills/frontend-slides/bold-template-pack/templates/broadside/design.md
 create mode 100644 cache/hb-verify-1790453050/skills/frontend-slides/plugins/frontend-slides/skills/frontend-slides/bold-template-pack/templates/broadside/preview.md
 create mode 100644 cache/hb-verify-1790453050/skills/frontend-slides/plugins/frontend-slides/skills/frontend-slides/bold-template-pack/templates/capsule/design.md
 create mode 100644 cache/hb-verify-1790453050/skills/frontend-slides/plugins/frontend-slides/skills/frontend-slides/bold-template-pack/templates/capsule/preview.md
 create mode 100644 cache/hb-verify-1790453050/skills/frontend-slides/plugins/frontend-slides/skills/frontend-slides/bold-template-pack/templates/cartesian/design.md
 create mode 100644 cache/hb-verify-1790453050/skills/frontend-slides/plugins/frontend-slides/skills/frontend-slides/bold-template-pack/templates/cartesian/preview.md
 create mode 100644 cache/hb-verify-1790453050/skills/frontend-slides/plugins/frontend-slides/skills/frontend-slides/bold-template-pack/templates/cobalt-grid/design.md
 create mode 100644 cache/hb-verify-1790453050/skills/frontend-slides/plugins/frontend-slides/skills/frontend-slides/bold-template-pack/templates/cobalt-grid/preview.md
 create mode 100644 cache/hb-verify-1790453050/skills/frontend-slides/plugins/frontend-slides/skills/frontend-slides/bold-template-pack/templates/coral/design.md
 create mode 100644 cache/hb-verify-1790453050/skills/frontend-slides/plugins/frontend-slides/skills/frontend-slides/bold-template-pack/templates/coral/preview.md
 create mode 100644 cache/hb-verify-1790453050/skills/frontend-slides/plugins/frontend-slides/skills/frontend-slides/bold-template-pack/templates/creative-mode/design.md
 create mode 100644 cache/hb-verify-1790453050/skills/frontend-slides/plugins/frontend-slides/skills/frontend-slides/bold-template-pack/templates/creative-mode/preview.md
 create mode 100644 cache/hb-verify-1790453050/skills/frontend-slides/plugins/frontend-slides/skills/frontend-slides/bold-template-pack/templates/daisy-days/design.md
 create mode 100644 cache/hb-verify-1790453050/skills/frontend-slides/plugins/frontend-slides/skills/frontend-slides/bold-template-pack/templates/daisy-days/preview.md
 create mode 100644 cache/hb-verify-1790453050/skills/frontend-slides/plugins/frontend-slides/skills/frontend-slides/bold-template-pack/templates/editorial-forest/design.md
 create mode 100644 cache/hb-verify-1790453050/skills/frontend-slides/plugins/frontend-slides/skills/frontend-slides/bold-template-pack/templates/editorial-forest/preview.md
 create mode 100644 cache/hb-verify-1790453050/skills/frontend-slides/plugins/frontend-slides/skills/frontend-slides/bold-template-pack/templates/editorial-tri-tone/design.md
 create mode 100644 cache/hb-verify-1790453050/skills/frontend-slides/plugins/frontend-slides/skills/frontend-slides/bold-template-pack/templates/editorial-tri-tone/preview.md
 create mode 100644 cache/hb-verify-1790453050/skills/frontend-slides/plugins/frontend-slides/skills/frontend-slides/bold-template-pack/templates/emerald-editorial/design.md
 create mode 100644 cache/hb-verify-1790453050/skills/frontend-slides/plugins/frontend-slides/skills/frontend-slides/bold-template-pack/templates/emerald-editorial/preview.md
 create mode 100644 cache/hb-verify-1790453050/skills/frontend-slides/plugins/frontend-slides/skills/frontend-slides/bold-template-pack/templates/grove/design.md
 create mode 100644 cache/hb-verify-1790453050/skills/frontend-slides/plugins/frontend-slides/skills/frontend-slides/bold-template-pack/templates/grove/preview.md
 create mode 100644 cache/hb-verify-1790453050/skills/frontend-slides/plugins/frontend-slides/skills/frontend-slides/bold-template-pack/templates/long-table/design.md
 create mode 100644 cache/hb-verify-1790453050/skills/frontend-slides/plugins/frontend-slides/skills/frontend-slides/bold-template-pack/templates/long-table/preview.md
 create mode 100644 cache/hb-verify-1790453050/skills/frontend-slides/plugins/frontend-slides/skills/frontend-slides/bold-template-pack/templates/mat/design.md
 create mode 100644 cache/hb-verify-1790453050/skills/frontend-slides/plugins/frontend-slides/skills/frontend-slides/bold-template-pack/templates/mat/preview.md
 create mode 100644 cache/hb-verify-1790453050/skills/frontend-slides/plugins/frontend-slides/skills/frontend-slides/bold-template-pack/templates/monochrome/design.md
 create mode 100644 cache/hb-verify-1790453050/skills/frontend-slides/plugins/frontend-slides/skills/frontend-slides/bold-template-pack/templates/monochrome/preview.md
 create mode 100644 cache/hb-verify-1790453050/skills/frontend-slides/plugins/frontend-slides/skills/frontend-slides/bold-template-pack/templates/neo-grid-bold/design.md
 create mode 100644 cache/hb-verify-1790453050/skills/frontend-slides/plugins/frontend-slides/skills/frontend-slides/bold-template-pack/templates/neo-grid-bold/preview.md
 create mode 100644 cache/hb-verify-1790453050/skills/frontend-slides/plugins/frontend-slides/skills/frontend-slides/bold-template-pack/templates/peoples-platform/design.md
 create mode 100644 cache/hb-verify-1790453050/skills/frontend-slides/plugins/frontend-slides/skills/frontend-slides/bold-template-pack/templates/peoples-platform/preview.md
 create mode 100644 cache/hb-verify-1790453050/skills/frontend-slides/plugins/frontend-slides/skills/frontend-slides/bold-template-pack/templates/pin-and-paper/design.md
 create mode 100644 cache/hb-verify-1790453050/skills/frontend-slides/plugins/frontend-slides/skills/frontend-slides/bold-template-pack/templates/pin-and-paper/preview.md
 create mode 100644 cache/hb-verify-1790453050/skills/frontend-slides/plugins/frontend-slides/skills/frontend-slides/bold-template-pack/templates/pink-script/design.md
 create mode 100644 cache/hb-verify-1790453050/skills/frontend-slides/plugins/frontend-slides/skills/frontend-slides/bold-template-pack/templates/pink-script/preview.md
 create mode 100644 cache/hb-verify-1790453050/skills/frontend-slides/plugins/frontend-slides/skills/frontend-slides/bold-template-pack/templates/playful/design.md
 create mode 100644 cache/hb-verify-1790453050/skills/frontend-slides/plugins/frontend-slides/skills/frontend-slides/bold-template-pack/templates/playful/preview.md
 create mode 100644 cache/hb-verify-1790453050/skills/frontend-slides/plugins/frontend-slides/skills/frontend-slides/bold-template-pack/templates/raw-grid/design.md
 create mode 100644 cache/hb-verify-1790453050/skills/frontend-slides/plugins/frontend-slides/skills/frontend-slides/bold-template-pack/templates/raw-grid/preview.md
 create mode 100644 cache/hb-verify-1790453050/skills/frontend-slides/plugins/frontend-slides/skills/frontend-slides/bold-template-pack/templates/retro-windows/design.md
 create mode 100644 cache/hb-verify-1790453050/skills/frontend-slides/plugins/frontend-slides/skills/frontend-slides/bold-template-pack/templates/retro-windows/preview.md
 create mode 100644 cache/hb-verify-1790453050/skills/frontend-slides/plugins/frontend-slides/skills/frontend-slides/bold-template-pack/templates/retro-zine/design.md
 create mode 100644 cache/hb-verify-1790453050/skills/frontend-slides/plugins/frontend-slides/skills/frontend-slides/bold-template-pack/templates/retro-zine/preview.md
 create mode 100644 cache/hb-verify-1790453050/skills/frontend-slides/plugins/frontend-slides/skills/frontend-slides/bold-template-pack/templates/sakura-chroma/design.md
 create mode 100644 cache/hb-verify-1790453050/skills/frontend-slides/plugins/frontend-slides/skills/frontend-slides/bold-template-pack/templates/sakura-chroma/preview.md
 create mode 100644 cache/hb-verify-1790453050/skills/frontend-slides/plugins/frontend-slides/skills/frontend-slides/bold-template-pack/templates/scatterbrain/design.md
 create mode 100644 cache/hb-verify-1790453050/skills/frontend-slides/plugins/frontend-slides/skills/frontend-slides/bold-template-pack/templates/scatterbrain/preview.md
 create mode 100644 cache/hb-verify-1790453050/skills/frontend-slides/plugins/frontend-slides/skills/frontend-slides/bold-template-pack/templates/signal/design.md
 create mode 100644 cache/hb-verify-1790453050/skills/frontend-slides/plugins/frontend-slides/skills/frontend-slides/bold-template-pack/templates/signal/preview.md
 create mode 100644 cache/hb-verify-1790453050/skills/frontend-slides/plugins/frontend-slides/skills/frontend-slides/bold-template-pack/templates/soft-editorial/design.md
 create mode 100644 cache/hb-verify-1790453050/skills/frontend-slides/plugins/frontend-slides/skills/frontend-slides/bold-template-pack/templates/soft-editorial/preview.md
 create mode 100644 cache/hb-verify-1790453050/skills/frontend-slides/plugins/frontend-slides/skills/frontend-slides/bold-template-pack/templates/stencil-tablet/design.md
 create mode 100644 cache/hb-verify-1790453050/skills/frontend-slides/plugins/frontend-slides/skills/frontend-slides/bold-template-pack/templates/stencil-tablet/preview.md
 create mode 100644 cache/hb-verify-1790453050/skills/frontend-slides/plugins/frontend-slides/skills/frontend-slides/bold-template-pack/templates/studio/design.md
 create mode 100644 cache/hb-verify-1790453050/skills/frontend-slides/plugins/frontend-slides/skills/frontend-slides/bold-template-pack/templates/studio/preview.md
 create mode 100644 cache/hb-verify-1790453050/skills/frontend-slides/plugins/frontend-slides/skills/frontend-slides/bold-template-pack/templates/vellum/design.md
 create mode 100644 cache/hb-verify-1790453050/skills/frontend-slides/plugins/frontend-slides/skills/frontend-slides/bold-template-pack/templates/vellum/preview.md
 create mode 100644 cache/hb-verify-1790453050/skills/frontend-slides/plugins/frontend-slides/skills/frontend-slides/html-template.md
 create mode 100755 cache/hb-verify-1790453050/skills/frontend-slides/plugins/frontend-slides/skills/frontend-slides/scripts/deploy.sh
 create mode 100755 cache/hb-verify-1790453050/skills/frontend-slides/plugins/frontend-slides/skills/frontend-slides/scripts/export-pdf.sh
 create mode 100644 cache/hb-verify-1790453050/skills/frontend-slides/plugins/frontend-slides/skills/frontend-slides/scripts/extract-pptx.py
 create mode 100644 cache/hb-verify-1790453050/skills/frontend-slides/plugins/frontend-slides/skills/frontend-slides/viewport-base.css
 create mode 100755 cache/hb-verify-1790453050/skills/frontend-slides/scripts/deploy.sh
 create mode 100755 cache/hb-verify-1790453050/skills/frontend-slides/scripts/export-pdf.sh
 create mode 100644 cache/hb-verify-1790453050/skills/frontend-slides/scripts/extract-pptx.py
 create mode 100644 cache/hb-verify-1790453050/skills/frontend-slides/viewport-base.css
 create mode 100644 cache/hb-verify-1790453050/skills/gaming/DESCRIPTION.md
 create mode 100644 cache/hb-verify-1790453050/skills/gaming/minecraft-modpack-server/SKILL.md
 create mode 100644 cache/hb-verify-1790453050/skills/gaming/pokemon-player/SKILL.md
 create mode 100644 cache/hb-verify-1790453050/skills/gifs/DESCRIPTION.md
 create mode 100644 cache/hb-verify-1790453050/skills/github/DESCRIPTION.md
 create mode 100644 cache/hb-verify-1790453050/skills/github/github-issue-to-pr/SKILL.md
 create mode 100644 cache/hb-verify-1790453050/skills/github/github-workflows/SKILL.md
 create mode 100644 cache/hb-verify-1790453050/skills/github/github-workflows/references/auth.md
 create mode 100644 cache/hb-verify-1790453050/skills/github/github-workflows/references/ci-troubleshooting.md
 create mode 100644 cache/hb-verify-1790453050/skills/github/github-workflows/references/code-review.md
 create mode 100644 cache/hb-verify-1790453050/skills/github/github-workflows/references/codebase-inspection.md
 create mode 100644 cache/hb-verify-1790453050/skills/github/github-workflows/references/conventional-commits.md
 create mode 100644 cache/hb-verify-1790453050/skills/github/github-workflows/references/github-api-cheatsheet.md
 create mode 100644 cache/hb-verify-1790453050/skills/github/github-workflows/references/issues.md
 create mode 100644 cache/hb-verify-1790453050/skills/github/github-workflows/references/pr-workflow.md
 create mode 100644 cache/hb-verify-1790453050/skills/github/github-workflows/references/repo-management.md
 create mode 100644 cache/hb-verify-1790453050/skills/github/github-workflows/references/review-output-template.md
 create mode 100755 cache/hb-verify-1790453050/skills/github/github-workflows/scripts/gh-env.sh
 create mode 100644 cache/hb-verify-1790453050/skills/github/github-workflows/templates/bug-report.md
 create mode 100644 cache/hb-verify-1790453050/skills/github/github-workflows/templates/feature-request.md
 create mode 100644 cache/hb-verify-1790453050/skills/github/github-workflows/templates/pr-body-bugfix.md
 create mode 100644 cache/hb-verify-1790453050/skills/github/github-workflows/templates/pr-body-feature.md
 create mode 100644 cache/hb-verify-1790453050/skills/guizang-ppt-skill/SKILL.md
 create mode 100644 cache/hb-verify-1790453050/skills/hermes-desktop-plugins/SKILL.md
 create mode 100644 cache/hb-verify-1790453050/skills/hermes-desktop-plugins/templates/plugin.js
 create mode 100644 cache/hb-verify-1790453050/skills/hermes-security-matrix/SKILL.md
 create mode 100644 cache/hb-verify-1790453050/skills/hermes-security-matrix/references/audit-fallback-commands.md
 create mode 100644 cache/hb-verify-1790453050/skills/hermes-themes/SKILL.md
 create mode 100644 cache/hb-verify-1790453050/skills/hermes-themes/templates/skin.yaml
 create mode 100644 cache/hb-verify-1790453050/skills/inference-sh/DESCRIPTION.md
 create mode 100644 cache/hb-verify-1790453050/skills/initiating-coverage/SKILL.md
 create mode 100644 cache/hb-verify-1790453050/skills/initiating-coverage/references/cn-company-profile-template.md
 create mode 100644 cache/hb-verify-1790453050/skills/initiating-coverage/references/company-visit-questioning.md
 create mode 100644 cache/hb-verify-1790453050/skills/learning/feynman-skill/SKILL.md
 create mode 100644 cache/hb-verify-1790453050/skills/macos-proxy-diagnostics/SKILL.md
 create mode 100644 cache/hb-verify-1790453050/skills/mcp/DESCRIPTION.md
 create mode 100644 cache/hb-verify-1790453050/skills/mcp/mcp-builder/SKILL.md
 create mode 100644 cache/hb-verify-1790453050/skills/mcp/native-mcp/SKILL.md
 create mode 100644 cache/hb-verify-1790453050/skills/media/DESCRIPTION.md
 create mode 100644 cache/hb-verify-1790453050/skills/media/media-tools/SKILL.md
 create mode 100644 cache/hb-verify-1790453050/skills/media/media-tools/references/gif-search.md
 create mode 100644 cache/hb-verify-1790453050/skills/media/media-tools/references/songsee.md
 create mode 100644 cache/hb-verify-1790453050/skills/microsoft-docs/SKILL.md
 create mode 100644 cache/hb-verify-1790453050/skills/mlops/DESCRIPTION.md
 create mode 100644 cache/hb-verify-1790453050/skills/mlops/evaluation/DESCRIPTION.md
 create mode 100644 cache/hb-verify-1790453050/skills/mlops/huggingface-hub/SKILL.md
 create mode 100644 cache/hb-verify-1790453050/skills/mlops/inference/DESCRIPTION.md
 create mode 100644 cache/hb-verify-1790453050/skills/mlops/inference/llama-cpp/SKILL.md
 create mode 100644 cache/hb-verify-1790453050/skills/mlops/inference/llama-cpp/references/advanced-usage.md
 create mode 100644 cache/hb-verify-1790453050/skills/mlops/inference/llama-cpp/references/hub-discovery.md
 create mode 100644 cache/hb-verify-1790453050/skills/mlops/inference/llama-cpp/references/optimization.md
 create mode 100644 cache/hb-verify-1790453050/skills/mlops/inference/llama-cpp/references/quantization.md
 create mode 100644 cache/hb-verify-1790453050/skills/mlops/inference/llama-cpp/references/server.md
 create mode 100644 cache/hb-verify-1790453050/skills/mlops/inference/llama-cpp/references/troubleshooting.md
 create mode 100644 cache/hb-verify-1790453050/skills/mlops/models/DESCRIPTION.md
 create mode 100644 cache/hb-verify-1790453050/skills/mlops/research/DESCRIPTION.md
 create mode 100644 cache/hb-verify-1790453050/skills/mlops/research/dspy/SKILL.md
 create mode 100644 cache/hb-verify-1790453050/skills/mlops/research/dspy/references/examples.md
 create mode 100644 cache/hb-verify-1790453050/skills/mlops/research/dspy/references/modules.md
 create mode 100644 cache/hb-verify-1790453050/skills/mlops/research/dspy/references/optimizers.md
 create mode 100644 cache/hb-verify-1790453050/skills/mlops/training/DESCRIPTION.md
 create mode 100644 cache/hb-verify-1790453050/skills/mlops/vector-databases/DESCRIPTION.md
 create mode 100644 cache/hb-verify-1790453050/skills/mlops/whisper/SKILL.md
 create mode 100644 cache/hb-verify-1790453050/skills/mlops/whisper/references/languages.md
 create mode 100644 cache/hb-verify-1790453050/skills/morning-note/SKILL.md
 create mode 100644 cache/hb-verify-1790453050/skills/munger-skill/SKILL.md
 create mode 100644 cache/hb-verify-1790453050/skills/naval-skill/SKILL.md
 create mode 100644 cache/hb-verify-1790453050/skills/note-taking/DESCRIPTION.md
 create mode 100644 cache/hb-verify-1790453050/skills/notebooklm/SKILL.md
 create mode 100644 cache/hb-verify-1790453050/skills/nuwa-skill/SKILL.md
 create mode 100644 cache/hb-verify-1790453050/skills/perspectives/zhang-yiming-skill/SKILL.md
 create mode 100644 cache/hb-verify-1790453050/skills/productivity/DESCRIPTION.md
 create mode 100644 cache/hb-verify-1790453050/skills/productivity/docx/LICENSE
 create mode 100644 cache/hb-verify-1790453050/skills/productivity/docx/SKILL.md
 create mode 100644 cache/hb-verify-1790453050/skills/productivity/docx/references/revisions-and-comments.md
 create mode 100644 cache/hb-verify-1790453050/skills/productivity/docx/scripts/docx_comments.py
 create mode 100644 cache/hb-verify-1790453050/skills/productivity/docx/scripts/docx_common.py
 create mode 100644 cache/hb-verify-1790453050/skills/productivity/docx/scripts/docx_create.py
 create mode 100644 cache/hb-verify-1790453050/skills/productivity/docx/scripts/docx_edit.py
 create mode 100644 cache/hb-verify-1790453050/skills/productivity/docx/scripts/docx_read.py
 create mode 100644 cache/hb-verify-1790453050/skills/productivity/docx/scripts/docx_revisions.py
 create mode 100644 cache/hb-verify-1790453050/skills/productivity/docx/scripts/docx_template.py
 create mode 100644 cache/hb-verify-1790453050/skills/productivity/docx/scripts/docx_validate.py
 create mode 100644 cache/hb-verify-1790453050/skills/productivity/docx/tests/test_docx_skill.py
 create mode 100644 cache/hb-verify-1790453050/skills/productivity/fund-portfolio-monitor/SKILL.md
 create mode 100644 cache/hb-verify-1790453050/skills/productivity/fund-portfolio-monitor/references/portfolio.md
 create mode 100644 cache/hb-verify-1790453050/skills/productivity/fund-portfolio-monitor/references/report-template.md
 create mode 100644 cache/hb-verify-1790453050/skills/productivity/fund-portfolio-monitor/references/sina-api-guide.md
 create mode 100644 cache/hb-verify-1790453050/skills/productivity/notion-classic-api/SKILL.md
 create mode 100644 cache/hb-verify-1790453050/skills/productivity/notion-classic-api/references/block-builder-helper.md
 create mode 100644 cache/hb-verify-1790453050/skills/productivity/notion-classic-api/references/moving-blocks.md
 create mode 100644 cache/hb-verify-1790453050/skills/productivity/ocr-and-documents/DESCRIPTION.md
 create mode 100644 cache/hb-verify-1790453050/skills/productivity/ocr-and-documents/SKILL.md
 create mode 100644 cache/hb-verify-1790453050/skills/productivity/ocr-and-documents/references/nano-pdf-editing.md
 create mode 100644 cache/hb-verify-1790453050/skills/productivity/ocr-and-documents/scripts/extract_marker.py
 create mode 100644 cache/hb-verify-1790453050/skills/productivity/ocr-and-documents/scripts/extract_pymupdf.py
 create mode 100644 cache/hb-verify-1790453050/skills/productivity/pdf/LICENSE
 create mode 100644 cache/hb-verify-1790453050/skills/productivity/pdf/SKILL.md
 create mode 100644 cache/hb-verify-1790453050/skills/productivity/pdf/references/forms.md
 create mode 100644 cache/hb-verify-1790453050/skills/productivity/pdf/references/nano-pdf-editing.md
 create mode 100644 cache/hb-verify-1790453050/skills/productivity/pdf/references/ocr-extraction.md
 create mode 100644 cache/hb-verify-1790453050/skills/productivity/pdf/scripts/_raster.py
 create mode 100644 cache/hb-verify-1790453050/skills/productivity/pdf/scripts/extract_marker.py
 create mode 100644 cache/hb-verify-1790453050/skills/productivity/pdf/scripts/extract_pymupdf.py
 create mode 100644 cache/hb-verify-1790453050/skills/productivity/pdf/scripts/pdf_create.py
 create mode 100644 cache/hb-verify-1790453050/skills/productivity/pdf/scripts/pdf_fill_form.py
 create mode 100644 cache/hb-verify-1790453050/skills/productivity/pdf/scripts/pdf_form_layout.py
 create mode 100644 cache/hb-verify-1790453050/skills/productivity/pdf/scripts/pdf_make_form.py
 create mode 100644 cache/hb-verify-1790453050/skills/productivity/pdf/scripts/pdf_merge.py
 create mode 100644 cache/hb-verify-1790453050/skills/productivity/pdf/scripts/pdf_meta.py
 create mode 100644 cache/hb-verify-1790453050/skills/productivity/pdf/scripts/pdf_page_image.py
 create mode 100644 cache/hb-verify-1790453050/skills/productivity/pdf/scripts/pdf_read.py
 create mode 100644 cache/hb-verify-1790453050/skills/productivity/pdf/scripts/pdf_secure.py
 create mode 100644 cache/hb-verify-1790453050/skills/productivity/pdf/scripts/pdf_split.py
 create mode 100644 cache/hb-verify-1790453050/skills/productivity/pdf/scripts/pdf_stamp.py
 create mode 100644 cache/hb-verify-1790453050/skills/productivity/pdf/scripts/pdf_watermark.py
 create mode 100644 cache/hb-verify-1790453050/skills/productivity/pdf/tests/test_pdf_skill.py
 create mode 100644 cache/hb-verify-1790453050/skills/productivity/petdex/SKILL.md
 create mode 100644 cache/hb-verify-1790453050/skills/productivity/session-librarian/SKILL.md
 create mode 100644 cache/hb-verify-1790453050/skills/productivity/tui-widgets/SKILL.md
 create mode 100644 cache/hb-verify-1790453050/skills/productivity/tui-widgets/templates/clock.mjs
 create mode 100644 cache/hb-verify-1790453050/skills/red-teaming/godmode/SKILL.md
 create mode 100644 cache/hb-verify-1790453050/skills/red-teaming/godmode/references/jailbreak-templates.md
 create mode 100644 cache/hb-verify-1790453050/skills/red-teaming/godmode/references/refusal-detection.md
 create mode 100644 cache/hb-verify-1790453050/skills/red-teaming/godmode/scripts/auto_jailbreak.py
 create mode 100644 cache/hb-verify-1790453050/skills/red-teaming/godmode/scripts/godmode_race.py
 create mode 100644 cache/hb-verify-1790453050/skills/red-teaming/godmode/scripts/load_godmode.py
 create mode 100644 cache/hb-verify-1790453050/skills/red-teaming/godmode/scripts/parseltongue.py
 create mode 100644 cache/hb-verify-1790453050/skills/red-teaming/godmode/templates/prefill-subtle.json
 create mode 100644 cache/hb-verify-1790453050/skills/red-teaming/godmode/templates/prefill.json
 create mode 100644 cache/hb-verify-1790453050/skills/research/DESCRIPTION.md
 create mode 100644 cache/hb-verify-1790453050/skills/research/a-share-research/SKILL.md
 create mode 100644 cache/hb-verify-1790453050/skills/research/a-share-research/references/huifeng-diamond-prospectus.md
 create mode 100644 cache/hb-verify-1790453050/skills/research/a-share-research/references/ifind-mcp-guide.md
 create mode 100644 cache/hb-verify-1790453050/skills/research/a-share-research/references/management-profile-template.md
 create mode 100644 cache/hb-verify-1790453050/skills/research/a-share-research/references/notion-api.md
 create mode 100644 cache/hb-verify-1790453050/skills/research/a-share-research/references/pcb-inkjet-printing.md
 create mode 100644 cache/hb-verify-1790453050/skills/research/a-share-research/references/report-section-templates.md
 create mode 100644 cache/hb-verify-1790453050/skills/research/a-share-research/references/revenue-modeling.md
 create mode 100644 cache/hb-verify-1790453050/skills/research/a-share-research/references/stock-memo-format.md
 create mode 100644 cache/hb-verify-1790453050/skills/research/a-share-research/references/stock-screening-excel.md
 create mode 100644 cache/hb-verify-1790453050/skills/research/a-share-research/references/web-tools-backup.md
 create mode 100644 cache/hb-verify-1790453050/skills/research/a-share-research/references/workpaper-template.md
 create mode 100644 cache/hb-verify-1790453050/skills/research/blogwatcher/SKILL.md
 create mode 100644 cache/hb-verify-1790453050/skills/research/polymarket/SKILL.md
 create mode 100644 cache/hb-verify-1790453050/skills/research/polymarket/references/api-endpoints.md
 create mode 100644 cache/hb-verify-1790453050/skills/research/polymarket/scripts/polymarket.py
 create mode 100644 cache/hb-verify-1790453050/skills/research/qmd/SKILL.md
 create mode 100644 cache/hb-verify-1790453050/skills/research/research-paper-writing/SKILL.md
 create mode 100644 cache/hb-verify-1790453050/skills/research/research-paper-writing/references/autoreason-methodology.md
 create mode 100644 cache/hb-verify-1790453050/skills/research/research-paper-writing/references/checklists.md
 create mode 100644 cache/hb-verify-1790453050/skills/research/research-paper-writing/references/citation-workflow.md
 create mode 100644 cache/hb-verify-1790453050/skills/research/research-paper-writing/references/experiment-patterns.md
 create mode 100644 cache/hb-verify-1790453050/skills/research/research-paper-writing/references/human-evaluation.md
 create mode 100644 cache/hb-verify-1790453050/skills/research/research-paper-writing/references/paper-types.md
 create mode 100644 cache/hb-verify-1790453050/skills/research/research-paper-writing/references/phase5-paper-drafting.md
 create mode 100644 cache/hb-verify-1790453050/skills/research/research-paper-writing/references/reviewer-guidelines.md
 create mode 100644 cache/hb-verify-1790453050/skills/research/research-paper-writing/references/sources.md
 create mode 100644 cache/hb-verify-1790453050/skills/research/research-paper-writing/references/writing-guide.md
 create mode 100644 cache/hb-verify-1790453050/skills/research/research-paper-writing/templates/README.md
 create mode 100644 cache/hb-verify-1790453050/skills/research/research-paper-writing/templates/aaai2026/README.md
 create mode 100644 cache/hb-verify-1790453050/skills/research/research-paper-writing/templates/aaai2026/aaai2026-unified-supp.tex
 create mode 100644 cache/hb-verify-1790453050/skills/research/research-paper-writing/templates/aaai2026/aaai2026-unified-template.tex
 create mode 100644 cache/hb-verify-1790453050/skills/research/research-paper-writing/templates/aaai2026/aaai2026.bib
 create mode 100644 cache/hb-verify-1790453050/skills/research/research-paper-writing/templates/aaai2026/aaai2026.bst
 create mode 100644 cache/hb-verify-1790453050/skills/research/research-paper-writing/templates/aaai2026/aaai2026.sty
 create mode 100644 cache/hb-verify-1790453050/skills/research/research-paper-writing/templates/acl/README.md
 create mode 100644 cache/hb-verify-1790453050/skills/research/research-paper-writing/templates/acl/acl.sty
 create mode 100644 cache/hb-verify-1790453050/skills/research/research-paper-writing/templates/acl/acl_latex.tex
 create mode 100644 cache/hb-verify-1790453050/skills/research/research-paper-writing/templates/acl/acl_lualatex.tex
 create mode 100644 cache/hb-verify-1790453050/skills/research/research-paper-writing/templates/acl/acl_natbib.bst
 create mode 100644 cache/hb-verify-1790453050/skills/research/research-paper-writing/templates/acl/anthology.bib.txt
 create mode 100644 cache/hb-verify-1790453050/skills/research/research-paper-writing/templates/acl/custom.bib
 create mode 100644 cache/hb-verify-1790453050/skills/research/research-paper-writing/templates/acl/formatting.md
 create mode 100644 cache/hb-verify-1790453050/skills/research/research-paper-writing/templates/colm2025/README.md
 create mode 100644 cache/hb-verify-1790453050/skills/research/research-paper-writing/templates/colm2025/colm2025_conference.bib
 create mode 100644 cache/hb-verify-1790453050/skills/research/research-paper-writing/templates/colm2025/colm2025_conference.bst
 create mode 100644 cache/hb-verify-1790453050/skills/research/research-paper-writing/templates/colm2025/colm2025_conference.pdf
 create mode 100644 cache/hb-verify-1790453050/skills/research/research-paper-writing/templates/colm2025/colm2025_conference.sty
 create mode 100644 cache/hb-verify-1790453050/skills/research/research-paper-writing/templates/colm2025/colm2025_conference.tex
 create mode 100644 cache/hb-verify-1790453050/skills/research/research-paper-writing/templates/colm2025/fancyhdr.sty
 create mode 100644 cache/hb-verify-1790453050/skills/research/research-paper-writing/templates/colm2025/math_commands.tex
 create mode 100644 cache/hb-verify-1790453050/skills/research/research-paper-writing/templates/colm2025/natbib.sty
 create mode 100644 cache/hb-verify-1790453050/skills/research/research-paper-writing/templates/iclr2026/fancyhdr.sty
 create mode 100644 cache/hb-verify-1790453050/skills/research/research-paper-writing/templates/iclr2026/iclr2026_conference.bib
 create mode 100644 cache/hb-verify-1790453050/skills/research/research-paper-writing/templates/iclr2026/iclr2026_conference.bst
 create mode 100644 cache/hb-verify-1790453050/skills/research/research-paper-writing/templates/iclr2026/iclr2026_conference.pdf
 create mode 100644 cache/hb-verify-1790453050/skills/research/research-paper-writing/templates/iclr2026/iclr2026_conference.sty
 create mode 100644 cache/hb-verify-1790453050/skills/research/research-paper-writing/templates/iclr2026/iclr2026_conference.tex
 create mode 100644 cache/hb-verify-1790453050/skills/research/research-paper-writing/templates/iclr2026/math_commands.tex
 create mode 100644 cache/hb-verify-1790453050/skills/research/research-paper-writing/templates/iclr2026/natbib.sty
 create mode 100644 cache/hb-verify-1790453050/skills/research/research-paper-writing/templates/icml2026/algorithm.sty
 create mode 100644 cache/hb-verify-1790453050/skills/research/research-paper-writing/templates/icml2026/algorithmic.sty
 create mode 100644 cache/hb-verify-1790453050/skills/research/research-paper-writing/templates/icml2026/example_paper.bib
 create mode 100644 cache/hb-verify-1790453050/skills/research/research-paper-writing/templates/icml2026/example_paper.pdf
 create mode 100644 cache/hb-verify-1790453050/skills/research/research-paper-writing/templates/icml2026/example_paper.tex
 create mode 100644 cache/hb-verify-1790453050/skills/research/research-paper-writing/templates/icml2026/fancyhdr.sty
 create mode 100644 cache/hb-verify-1790453050/skills/research/research-paper-writing/templates/icml2026/icml2026.bst
 create mode 100644 cache/hb-verify-1790453050/skills/research/research-paper-writing/templates/icml2026/icml2026.sty
 create mode 100644 cache/hb-verify-1790453050/skills/research/research-paper-writing/templates/icml2026/icml_numpapers.pdf
 create mode 100644 cache/hb-verify-1790453050/skills/research/research-paper-writing/templates/neurips2025/Makefile
 create mode 100644 cache/hb-verify-1790453050/skills/research/research-paper-writing/templates/neurips2025/extra_pkgs.tex
 create mode 100644 cache/hb-verify-1790453050/skills/research/research-paper-writing/templates/neurips2025/main.tex
 create mode 100644 cache/hb-verify-1790453050/skills/research/research-paper-writing/templates/neurips2025/neurips.sty
 create mode 100644 cache/hb-verify-1790453050/skills/research/social-sentiment-research/SKILL.md
 create mode 100644 cache/hb-verify-1790453050/skills/research/social-sentiment-research/references/xhs-scraping.md
 create mode 100644 cache/hb-verify-1790453050/skills/research/xiaohongshu-research/SKILL.md
 create mode 100644 cache/hb-verify-1790453050/skills/research/xiaohongshu-research/scripts/extract_xhs.js
 create mode 100644 cache/hb-verify-1790453050/skills/sbti-skill/SKILL.md
 create mode 100644 cache/hb-verify-1790453050/skills/sbti-skill/data/personas.json
 create mode 100644 cache/hb-verify-1790453050/skills/sbti-skill/generated-skills/soul-atm-er/SKILL.md
 create mode 100644 cache/hb-verify-1790453050/skills/sbti-skill/generated-skills/soul-boss/SKILL.md
 create mode 100644 cache/hb-verify-1790453050/skills/sbti-skill/generated-skills/soul-ctrl/SKILL.md
 create mode 100644 cache/hb-verify-1790453050/skills/sbti-skill/generated-skills/soul-dead/SKILL.md
 create mode 100644 cache/hb-verify-1790453050/skills/sbti-skill/generated-skills/soul-dior-s/SKILL.md
 create mode 100644 cache/hb-verify-1790453050/skills/sbti-skill/generated-skills/soul-drunk/SKILL.md
 create mode 100644 cache/hb-verify-1790453050/skills/sbti-skill/generated-skills/soul-fake/SKILL.md
 create mode 100644 cache/hb-verify-1790453050/skills/sbti-skill/generated-skills/soul-fuck/SKILL.md
 create mode 100644 cache/hb-verify-1790453050/skills/sbti-skill/generated-skills/soul-gogo/SKILL.md
 create mode 100644 cache/hb-verify-1790453050/skills/sbti-skill/generated-skills/soul-hhhh/SKILL.md
 create mode 100644 cache/hb-verify-1790453050/skills/sbti-skill/generated-skills/soul-imfw/SKILL.md
 create mode 100644 cache/hb-verify-1790453050/skills/sbti-skill/generated-skills/soul-imsb/SKILL.md
 create mode 100644 cache/hb-verify-1790453050/skills/sbti-skill/generated-skills/soul-joke-r/SKILL.md
 create mode 100644 cache/hb-verify-1790453050/skills/sbti-skill/generated-skills/soul-love-r/SKILL.md
 create mode 100644 cache/hb-verify-1790453050/skills/sbti-skill/generated-skills/soul-malo/SKILL.md
 create mode 100644 cache/hb-verify-1790453050/skills/sbti-skill/generated-skills/soul-monk/SKILL.md
 create mode 100644 cache/hb-verify-1790453050/skills/sbti-skill/generated-skills/soul-mum/SKILL.md
 create mode 100644 cache/hb-verify-1790453050/skills/sbti-skill/generated-skills/soul-oh-no/SKILL.md
 create mode 100644 cache/hb-verify-1790453050/skills/sbti-skill/generated-skills/soul-ojbk/SKILL.md
 create mode 100644 cache/hb-verify-1790453050/skills/sbti-skill/generated-skills/soul-poor/SKILL.md
 create mode 100644 cache/hb-verify-1790453050/skills/sbti-skill/generated-skills/soul-sexy/SKILL.md
 create mode 100644 cache/hb-verify-1790453050/skills/sbti-skill/generated-skills/soul-shit/SKILL.md
 create mode 100644 cache/hb-verify-1790453050/skills/sbti-skill/generated-skills/soul-solo/SKILL.md
 create mode 100644 cache/hb-verify-1790453050/skills/sbti-skill/generated-skills/soul-than-k/SKILL.md
 create mode 100644 cache/hb-verify-1790453050/skills/sbti-skill/generated-skills/soul-thin-k/SKILL.md
 create mode 100644 cache/hb-verify-1790453050/skills/sbti-skill/generated-skills/soul-woc/SKILL.md
 create mode 100644 cache/hb-verify-1790453050/skills/sbti-skill/generated-skills/soul-zzzz/SKILL.md
 create mode 100644 cache/hb-verify-1790453050/skills/sbti-skill/templates/persona_skill_template.md
 create mode 100755 cache/hb-verify-1790453050/skills/sbti-skill/tools/build_persona_skills.py
 create mode 100755 cache/hb-verify-1790453050/skills/sbti-skill/tools/install_persona_skills.py
 create mode 100644 cache/hb-verify-1790453050/skills/sector-overview/SKILL.md
 create mode 100644 cache/hb-verify-1790453050/skills/sector-overview/references/cn-industry-report-workflow.md
 create mode 100644 cache/hb-verify-1790453050/skills/skill-creator/SKILL.md
 create mode 100644 cache/hb-verify-1790453050/skills/smart-home/DESCRIPTION.md
 create mode 100644 cache/hb-verify-1790453050/skills/smart-home/openhue/SKILL.md
 create mode 100644 cache/hb-verify-1790453050/skills/social-media/DESCRIPTION.md
 create mode 100644 cache/hb-verify-1790453050/skills/software-development/github/SKILL.md
 create mode 100644 cache/hb-verify-1790453050/skills/software-development/github/references/auth.md
 create mode 100644 cache/hb-verify-1790453050/skills/software-development/github/references/ci-troubleshooting.md
 create mode 100644 cache/hb-verify-1790453050/skills/software-development/github/references/code-review.md
 create mode 100644 cache/hb-verify-1790453050/skills/software-development/github/references/conventional-commits.md
 create mode 100644 cache/hb-verify-1790453050/skills/software-development/github/references/github-api-cheatsheet.md
 create mode 100644 cache/hb-verify-1790453050/skills/software-development/github/references/issue-to-pr.md
 create mode 100644 cache/hb-verify-1790453050/skills/software-development/github/references/issues.md
 create mode 100644 cache/hb-verify-1790453050/skills/software-development/github/references/pr-workflow.md
 create mode 100644 cache/hb-verify-1790453050/skills/software-development/github/references/repo-management.md
 create mode 100644 cache/hb-verify-1790453050/skills/software-development/github/references/review-output-template.md
 create mode 100755 cache/hb-verify-1790453050/skills/software-development/github/scripts/gh-env.sh
 create mode 100644 cache/hb-verify-1790453050/skills/software-development/github/scripts/git-credential-token.py
 create mode 100644 cache/hb-verify-1790453050/skills/software-development/github/templates/bug-report.md
 create mode 100644 cache/hb-verify-1790453050/skills/software-development/github/templates/feature-request.md
 create mode 100644 cache/hb-verify-1790453050/skills/software-development/github/templates/pr-body-bugfix.md
 create mode 100644 cache/hb-verify-1790453050/skills/software-development/github/templates/pr-body-feature.md
 create mode 100644 cache/hb-verify-1790453050/skills/software-development/subagent-driven-development/SKILL.md
 create mode 100644 cache/hb-verify-1790453050/skills/software-development/subagent-driven-development/references/context-budget-discipline.md
 create mode 100644 cache/hb-verify-1790453050/skills/software-development/subagent-driven-development/references/gates-taxonomy.md
 create mode 100644 cache/hb-verify-1790453050/skills/software-development/writing-plans/SKILL.md
 create mode 100644 cache/hb-verify-1790453050/skills/steve-jobs-skill/SKILL.md
 create mode 100644 cache/hb-verify-1790453050/skills/stock-analyzer/.gitignore
 create mode 100644 cache/hb-verify-1790453050/skills/stock-analyzer/README.md
 create mode 100644 cache/hb-verify-1790453050/skills/stock-analyzer/SKILL.md
 create mode 100644 cache/hb-verify-1790453050/skills/stock-analyzer/references/checklist.md
 create mode 100644 cache/hb-verify-1790453050/skills/stock-analyzer/references/cognitive_time_gap.md
 create mode 100644 cache/hb-verify-1790453050/skills/stock-analyzer/references/investment_sop.md
 create mode 100644 cache/hb-verify-1790453050/skills/stock-analyzer/references/odds_and_winrate.md
 create mode 100644 cache/hb-verify-1790453050/skills/stock-analyzer/references/profit_philosophy.md
 create mode 100644 cache/hb-verify-1790453050/skills/stock-analyzer/references/return_blindspot.md
 create mode 100644 cache/hb-verify-1790453050/skills/stock-analyzer/scripts/compute_indicators.py
 create mode 100644 cache/hb-verify-1790453050/skills/stock-analyzer/scripts/convert_to_pdf.py
 create mode 100755 cache/hb-verify-1790453050/skills/stock-analyzer/scripts/fetch_ashare.sh
 create mode 100644 cache/hb-verify-1790453050/skills/stock-analyzer/scripts/fetch_market_data.py
 create mode 100644 cache/hb-verify-1790453050/skills/stock-analyzer/scripts/generate_charts.py
 create mode 100644 cache/hb-verify-1790453050/skills/stock-analyzer/scripts/resolve_ticker.py
 create mode 100644 cache/hb-verify-1790453050/skills/stock-analyzer/scripts/sina_data_helper.py
 create mode 100644 cache/hb-verify-1790453050/skills/storyline/SKILL.md
 create mode 100644 cache/hb-verify-1790453050/skills/storyline/references/rubric.md
 create mode 100644 cache/hb-verify-1790453050/skills/storyline/references/workflow.md
 create mode 100644 cache/hb-verify-1790453050/skills/taleb-skill/SKILL.md
 create mode 100644 cache/hb-verify-1790453050/skills/web-access/SKILL.md
 create mode 100644 cache/hb-verify-1790453050/skills/web-access/references/site-patterns/kdocs.cn.md
 create mode 100644 cache/hb-verify-1790453050/skills/web/DESCRIPTION.md
 create mode 100644 cache/hb-verify-1790453050/skills/webapp-testing/SKILL.md
 create mode 100644 cache/hb-verify-1790453050/skills/xlsx/SKILL.md
 create mode 100644 cache/hb-verify-1790453050/skills/xlsx/references/financial-charts-cn.md
 create mode 100644 cache/hb-verify-1790453050/state/gateway.heartbeat
 create mode 100644 cache/hb-verify-1790453050/state/gateway.lifecycle.json
 create mode 100644 cache/hb-verify-1790453050/terminal-sessions/tty-dev-ttys000
 create mode 100644 cache/hb-verify-1790453050/verification_evidence.db
 create mode 100644 cache/hb-verify-1790453050/web-ui-build-stamp.json
 create mode 100644 cron/output/302a8db2bf0d/2026-09-27_04-04-37.md
 create mode 100644 cron/output/7f2b940e2ec7/2026-09-28_03-01-59.md
 create mode 100644 cron/output/c8e25d6e74a3/2026-09-27_09-05-50.md
 create mode 100644 cron/output/c8e25d6e74a3_20260927_090550.txt
 create mode 100644 security-reports/audit-20260928-030034.txt
To ssh://ssh.github.com:443/wzp2006313-creator/My-dear-Aletheia.git
   7418a1c..7fb2549  main -> main
[backup] Backup complete for 2026-09-28

__HERMES_CWD_e120f899e6a3__/Users/eason__HERMES_CWD_e120f899e6a3__
